dataset,setting,seed,adaptive_min_edges,test_at_best_val,final_edges,selected_edges,topology_update_time,edge_budget,min_edges,empty_val_score,first_best_edge,first_edge_gain,final_topology_val_score,trace_eval_count,trace_final_edges,trace_selected_edges,stopping_reason
ACM,Hard,42,0,0.8813838362693787,3,"[[1,2],[2,6],[6,8]]",11.259751499921547,15,0,0.7913907170295715,"[6, 8]",0.048013269901275635,0.8791390657424927,378,3,"[[6, 8], [2, 6], [1, 2]]",threshold not met
ACM,Hard,43,0,0.9011532068252563,3,"[[7,12],[9,11],[11,12]]",10.659467300021788,15,0,0.8576158881187439,"[7, 12]",0.06788080930709839,0.940397322177887,378,3,"[[7, 12], [11, 12], [9, 11]]",threshold not met
ACM,Hard,44,0,0.8731465935707092,2,"[[5,10],[10,11]]",10.29672680000658,15,0,0.7135761380195618,"[10, 11]",0.14072847366333008,0.8675496578216553,300,2,"[[10, 11], [5, 10]]",threshold not met
ACM,Hard,45,0,0.8682042360305786,2,"[[4,8],[4,11]]",13.338632999977564,15,0,0.6804635524749756,"[4, 8]",0.1821192502975464,0.8658940196037292,300,2,"[[4, 8], [4, 11]]",threshold not met
ACM,Hard,46,0,0.8978583216667175,3,"[[1,4],[2,8],[4,8]]",22.735696999996435,15,0,0.7913907170295715,"[2, 8]",0.08774834871292114,0.9089403748512268,390,3,"[[2, 8], [1, 4], [4, 8]]",threshold not met
ACM,Hard,42,1,0.8813838362693787,3,"[[1,2],[2,6],[6,8]]",31.29344679985661,15,1,0.7913907170295715,"[6, 8]",0.048013269901275635,0.8791390657424927,378,3,"[[6, 8], [2, 6], [1, 2]]",threshold not met
ACM,Hard,43,1,0.9011532068252563,3,"[[7,12],[9,11],[11,12]]",26.73723499994957,15,1,0.8576158881187439,"[7, 12]",0.06788080930709839,0.940397322177887,378,3,"[[7, 12], [11, 12], [9, 11]]",threshold not met
ACM,Hard,44,1,0.8731465935707092,2,"[[5,10],[10,11]]",24.98121379999793,15,1,0.7135761380195618,"[10, 11]",0.14072847366333008,0.8675496578216553,300,2,"[[10, 11], [5, 10]]",threshold not met
ACM,Hard,45,1,0.8682042360305786,2,"[[4,8],[4,11]]",27.34562639999785,15,1,0.6804635524749756,"[4, 8]",0.1821192502975464,0.8658940196037292,300,2,"[[4, 8], [4, 11]]",threshold not met
ACM,Hard,46,1,0.8978583216667175,3,"[[1,4],[2,8],[4,8]]",29.302178500016453,15,1,0.7913907170295715,"[2, 8]",0.08774834871292114,0.9089403748512268,390,3,"[[2, 8], [1, 4], [4, 8]]",threshold not met
ACM,Hard,42,3,0.8813838362693787,3,"[[1,2],[2,6],[6,8]]",33.38531459993101,15,3,0.7913907170295715,"[6, 8]",0.048013269901275635,0.8791390657424927,378,3,"[[6, 8], [2, 6], [1, 2]]",threshold not met
ACM,Hard,43,3,0.9011532068252563,3,"[[7,12],[9,11],[11,12]]",32.115257499943255,15,3,0.8576158881187439,"[7, 12]",0.06788080930709839,0.940397322177887,378,3,"[[7, 12], [11, 12], [9, 11]]",threshold not met
ACM,Hard,44,3,0.8566721677780151,4,"[[5,10],[5,13],[7,11],[10,11]]",36.6401284999738,15,3,0.7135761380195618,"[10, 11]",0.14072847366333008,0.8642383813858032,444,4,"[[10, 11], [5, 10], [7, 11], [5, 13]]",threshold not met
ACM,Hard,45,3,0.859967052936554,4,"[[4,8],[4,11],[5,8],[5,14]]",33.072689000022365,15,3,0.6804635524749756,"[4, 8]",0.1821192502975464,0.8692052960395813,444,4,"[[4, 8], [4, 11], [5, 8], [5, 14]]",threshold not met
ACM,Hard,46,3,0.8978583216667175,3,"[[1,4],[2,8],[4,8]]",32.41083899998921,15,3,0.7913907170295715,"[2, 8]",0.08774834871292114,0.9089403748512268,390,3,"[[2, 8], [1, 4], [4, 8]]",threshold not met
ACM,Hard,42,5,0.8336079120635986,5,"[[1,2],[1,14],[2,6],[6,8],[9,14]]",42.493571899976814,15,5,0.7913907170295715,"[6, 8]",0.048013269901275635,0.8692052960395813,510,5,"[[6, 8], [2, 6], [1, 2], [9, 14], [1, 14]]",threshold not met
ACM,Hard,43,5,0.8863261938095093,5,"[[7,12],[7,14],[8,13],[9,11],[11,12]]",38.237029199983226,15,5,0.8576158881187439,"[7, 12]",0.06788080930709839,0.9304635524749756,520,5,"[[7, 12], [11, 12], [9, 11], [8, 13], [7, 14]]",threshold not met
ACM,Hard,44,5,0.8319604396820068,5,"[[5,10],[5,13],[7,11],[7,13],[10,11]]",40.04316220007604,15,5,0.7135761380195618,"[10, 11]",0.14072847366333008,0.8576158881187439,489,5,"[[10, 11], [5, 10], [7, 11], [5, 13], [7, 13]]",threshold not met
ACM,Hard,45,5,0.8369027972221375,5,"[[0,14],[4,8],[4,11],[5,8],[5,14]]",40.87273630005075,15,5,0.6804635524749756,"[4, 8]",0.1821192502975464,0.862582802772522,499,5,"[[4, 8], [4, 11], [5, 8], [5, 14], [0, 14]]",threshold not met
ACM,Hard,46,5,0.8879736065864563,5,"[[1,4],[1,10],[2,8],[2,14],[4,8]]",41.52066679994459,15,5,0.7913907170295715,"[2, 8]",0.08774834871292114,0.8956953883171082,511,5,"[[2, 8], [1, 4], [4, 8], [2, 14], [1, 10]]",threshold not met
DBLP,Hard,42,0,0.8918918967247009,3,"[[2,8],[4,7],[4,8]]",26.648545000120063,15,0,0.86543208360672,"[2, 8]",0.0407407283782959,0.9160493612289429,390,3,"[[2, 8], [4, 7], [4, 8]]",threshold not met
DBLP,Hard,43,0,0.9164618849754332,3,"[[7,10],[9,10],[9,12]]",24.26860469995881,15,0,0.8814814686775208,"[7, 10]",0.03703707456588745,0.9234567880630493,390,3,"[[7, 10], [9, 12], [9, 10]]",threshold not met
DBLP,Hard,44,0,0.8955773711204529,4,"[[5,6],[5,11],[10,12],[11,14]]",24.23005319997901,15,0,0.8481481671333313,"[5, 11]",0.03580242395401001,0.8913580179214478,479,4,"[[5, 11], [10, 12], [11, 14], [5, 6]]",threshold not met
DBLP,Hard,45,0,0.9078623652458192,3,"[[5,8],[8,13],[10,13]]",26.44040439996752,15,0,0.8802469372749329,"[5, 8]",0.02839505672454834,0.9160493612289429,390,3,"[[5, 8], [10, 13], [8, 13]]",threshold not met
DBLP,Hard,46,0,0.8992629051208496,2,"[[2,4],[5,6]]",26.08406610001112,15,0,0.8703703880310059,"[2, 4]",0.03209877014160156,0.9098765254020691,312,2,"[[2, 4], [5, 6]]",threshold not met
DBLP,Hard,42,1,0.8918918967247009,3,"[[2,8],[4,7],[4,8]]",27.971712200029287,15,1,0.86543208360672,"[2, 8]",0.0407407283782959,0.9160493612289429,390,3,"[[2, 8], [4, 7], [4, 8]]",threshold not met
DBLP,Hard,43,1,0.9164618849754332,3,"[[7,10],[9,10],[9,12]]",26.280035800038604,15,1,0.8814814686775208,"[7, 10]",0.03703707456588745,0.9234567880630493,390,3,"[[7, 10], [9, 12], [9, 10]]",threshold not met
DBLP,Hard,44,1,0.8955773711204529,4,"[[5,6],[5,11],[10,12],[11,14]]",25.243099500017703,15,1,0.8481481671333313,"[5, 11]",0.03580242395401001,0.8913580179214478,479,4,"[[5, 11], [10, 12], [11, 14], [5, 6]]",threshold not met
DBLP,Hard,45,1,0.9078623652458192,3,"[[5,8],[8,13],[10,13]]",22.525072900025407,15,1,0.8802469372749329,"[5, 8]",0.02839505672454834,0.9160493612289429,390,3,"[[5, 8], [10, 13], [8, 13]]",threshold not met
DBLP,Hard,46,1,0.8992629051208496,2,"[[2,4],[5,6]]",24.04470939998282,15,1,0.8703703880310059,"[2, 4]",0.03209877014160156,0.9098765254020691,312,2,"[[2, 4], [5, 6]]",threshold not met
DBLP,Hard,42,3,0.8918918967247009,3,"[[2,8],[4,7],[4,8]]",31.97245379994274,15,3,0.86543208360672,"[2, 8]",0.0407407283782959,0.9160493612289429,390,3,"[[2, 8], [4, 7], [4, 8]]",threshold not met
DBLP,Hard,43,3,0.9164618849754332,3,"[[7,10],[9,10],[9,12]]",31.82338900008472,15,3,0.8814814686775208,"[7, 10]",0.03703707456588745,0.9234567880630493,390,3,"[[7, 10], [9, 12], [9, 10]]",threshold not met
DBLP,Hard,44,3,0.8955773711204529,4,"[[5,6],[5,11],[10,12],[11,14]]",31.71980699998676,15,3,0.8481481671333313,"[5, 11]",0.03580242395401001,0.8913580179214478,479,4,"[[5, 11], [10, 12], [11, 14], [5, 6]]",threshold not met
DBLP,Hard,45,3,0.9078623652458192,3,"[[5,8],[8,13],[10,13]]",30.249485399923287,15,3,0.8802469372749329,"[5, 8]",0.02839505672454834,0.9160493612289429,390,3,"[[5, 8], [10, 13], [8, 13]]",threshold not met
DBLP,Hard,46,3,0.9066339135169984,3,"[[2,4],[2,7],[5,6]]",29.43343829998048,15,3,0.8703703880310059,"[2, 4]",0.03209877014160156,0.9098765254020691,402,3,"[[2, 4], [5, 6], [2, 7]]",threshold not met
DBLP,Hard,42,5,0.885749340057373,5,"[[1,3],[2,7],[2,8],[4,7],[4,8]]",39.07375569999567,15,5,0.86543208360672,"[2, 8]",0.0407407283782959,0.9098765254020691,499,5,"[[2, 8], [4, 7], [4, 8], [2, 7], [1, 3]]",threshold not met
DBLP,Hard,43,5,0.9164618849754332,5,"[[3,6],[7,10],[7,12],[9,10],[9,12]]",38.92734600001131,15,5,0.8814814686775208,"[7, 10]",0.03703707456588745,0.9197530746459961,499,5,"[[7, 10], [9, 12], [9, 10], [7, 12], [3, 6]]",threshold not met
DBLP,Hard,44,5,0.898034393787384,5,"[[0,1],[5,6],[5,11],[10,12],[11,14]]",40.49328100000275,15,5,0.8481481671333313,"[5, 11]",0.03580242395401001,0.8888888955116272,555,5,"[[5, 11], [10, 12], [11, 14], [5, 6], [0, 1]]",threshold not met
DBLP,Hard,45,5,0.9054054021835328,5,"[[4,7],[5,8],[5,10],[8,13],[10,13]]",38.27344750004704,15,5,0.8802469372749329,"[5, 8]",0.02839505672454834,0.9135802388191223,499,5,"[[5, 8], [10, 13], [8, 13], [5, 10], [4, 7]]",threshold not met
DBLP,Hard,46,5,0.9066339135169984,5,"[[2,4],[2,7],[4,6],[5,6],[5,7]]",40.18371660003322,15,5,0.8703703880310059,"[2, 4]",0.03209877014160156,0.9098765254020691,513,5,"[[2, 4], [5, 6], [2, 7], [4, 6], [5, 7]]",threshold not met
