dataset,weak_count,method,seeds,test_at_best_val_mean,test_at_best_val_std,macro_f1_mean,macro_f1_std,selected_links_mean,selected_links_std,peer_communication_mean,peer_communication_std,readout_communication_mean,readout_communication_std,topology_control_communication_mean,topology_control_communication_std,total_communication_mean,total_communication_std,candidate_evaluations_mean,candidate_evaluations_std,topology_time_seconds_mean,topology_time_seconds_std
ACM,0,adaptive_complementarity,5,0.8665568232536316,0.012016182509967888,0.8669641630564804,0.011840241753280483,3.0,0.0,54450.0,0.0,27225.0,0.0,1630800.0,0.0,81675.0,0.0,0.0,0.0,2.047977359962897,0.4937222655731413
ACM,0,adaptive_graph_val,5,0.8665568232536316,0.012016182509967888,0.8669641630564804,0.011840241753280483,3.0,0.0,54450.0,0.0,27225.0,0.0,1630800.0,0.0,81675.0,0.0,1800.0,0.0,7.339348279987098,1.5881898526472522
ACM,0,adaptive_pair,5,0.8665568232536316,0.012016182509967888,0.8669641630564804,0.011840241753280483,3.0,0.0,54450.0,0.0,27225.0,0.0,1630800.0,0.0,81675.0,0.0,0.0,0.0,2.001366559987582,0.479003158772095
ACM,0,full_mesh,5,0.8665568232536316,0.012016182509967888,0.8669641630564804,0.011840241753280483,3.0,0.0,54450.0,0.0,27225.0,0.0,0.0,0.0,81675.0,0.0,0.0,0.0,0.0,0.0
ACM,0,random_matched,5,0.8665568232536316,0.012016182509967888,0.8669641630564804,0.011840241753280483,3.0,0.0,54450.0,0.0,27225.0,0.0,0.0,0.0,81675.0,0.0,0.0,0.0,0.0,0.0
ACM,0,single_party_best,5,0.8200988411903382,0.013955733742992093,0.8212000877407013,0.013798382584908193,0.0,0.0,0.0,0.0,0.0,0.0,0.0,0.0,0.0,0.0,0.0,0.0,0.0,0.0
ACM,0,topk_reliability_vote,5,0.8665568232536316,0.012016182509967888,0.8669886767638586,0.0118618059879762,0.0,0.0,0.0,0.0,27225.0,0.0,0.0,0.0,27225.0,0.0,0.0,0.0,0.0,0.0
ACM,2,adaptive_complementarity,5,0.8464579701423645,0.015986183714456044,0.846501247740752,0.016284199993715942,4.0,0.0,72600.0,0.0,45375.0,0.0,2718000.0,0.0,117975.0,0.0,0.0,0.0,5.876937680001356,1.806921410882877
ACM,2,adaptive_graph_val,5,0.8527182698249817,0.01195279821459409,0.8530880421709142,0.012176250155103738,4.0,0.0,72600.0,0.0,38115.0,3630.0,2718000.0,0.0,110715.0,3630.0,8124.6,114.13080215261786,34.78671416001089,9.996459009221521
ACM,2,adaptive_pair,5,0.8464579701423645,0.015986183714456044,0.846501247740752,0.016284199993715942,4.0,0.0,72600.0,0.0,45375.0,0.0,2718000.0,0.0,117975.0,0.0,0.0,0.0,5.763166340020689,1.6555546485422326
ACM,2,full_mesh,5,0.8395386934280396,0.0164282692198879,0.8399465331732792,0.01634272571544994,10.0,0.0,181500.0,0.0,45375.0,0.0,0.0,0.0,226875.0,0.0,0.0,0.0,0.0,0.0
ACM,2,random_matched,5,0.8359143137931824,0.016755435297076623,0.8354786369293599,0.017132435835677078,5.0,0.0,90750.0,0.0,45375.0,0.0,0.0,0.0,136125.0,0.0,0.0,0.0,0.0,0.0
ACM,2,single_party_best,5,0.8200988411903382,0.013955733742992093,0.8212000877407013,0.013798382584908193,0.0,0.0,0.0,0.0,0.0,0.0,0.0,0.0,0.0,0.0,0.0,0.0,0.0,0.0
ACM,2,topk_reliability_vote,5,0.8401976823806763,0.014624284642997913,0.8399601604046094,0.01481594537532645,0.0,0.0,0.0,0.0,45375.0,0.0,0.0,0.0,45375.0,0.0,0.0,0.0,0.0,0.0
ACM,5,adaptive_complementarity,5,0.8177924036979676,0.02177123679768477,0.8172462360522527,0.022064673126950367,7.0,0.0,127050.0,0.0,65340.0,3630.0,4348800.0,0.0,192390.0,3630.0,0.0,0.0,17.29679189996932,4.644736183346978
ACM,5,adaptive_graph_val,5,0.8408566474914551,0.021696304109284872,0.8410786911270648,0.022307683423704344,5.0,0.0,90750.0,0.0,52635.0,3630.0,4348800.0,0.0,143385.0,3630.0,30999.2,235.9893217923218,163.47250761996366,44.38068361383222
ACM,5,adaptive_pair,5,0.8141680240631104,0.023539456974243173,0.8142895134333201,0.02322834369332776,7.0,0.0,127050.0,0.0,68970.0,4445.823883151468,4348800.0,0.0,196020.0,4445.823883151468,0.0,0.0,16.507078720024946,4.271466765915073
ACM,5,full_mesh,5,0.8036243677139282,0.02223503036224414,0.8037937397951971,0.021213298274944482,28.0,0.0,508200.0,0.0,72600.0,0.0,0.0,0.0,580800.0,0.0,0.0,0.0,0.0,0.0
ACM,5,random_matched,5,0.7354200839996338,0.07659899752916248,0.7340812907878947,0.07659894410475986,5.0,0.0,90750.0,0.0,61710.0,6791.108156994704,0.0,0.0,152460.0,6791.108156994704,0.0,0.0,0.0,0.0
ACM,5,single_party_best,5,0.8200988411903382,0.013955733742992093,0.8212000877407013,0.013798382584908193,0.0,0.0,0.0,0.0,0.0,0.0,0.0,0.0,0.0,0.0,0.0,0.0,0.0,0.0
ACM,5,topk_reliability_vote,5,0.8533772587776184,0.01752810296270752,0.8536734552537213,0.01781484694223675,0.0,0.0,0.0,0.0,45375.0,0.0,0.0,0.0,45375.0,0.0,0.0,0.0,0.0,0.0
ACM,10,adaptive_complementarity,5,0.7657330989837646,0.02499344129827196,0.7646102011729752,0.025502213259818666,12.0,0.0,217800.0,0.0,110715.0,3630.0,7066800.0,0.0,328515.0,3630.0,0.0,0.0,41.73257330001179,11.574667170593028
ACM,10,adaptive_graph_val,5,0.8421746134757996,0.010997247668721637,0.8426476267661244,0.010738177040293907,5.0,0.0,90750.0,0.0,50820.0,4445.823883151468,7066800.0,0.0,141570.0,4445.823883151468,106592.4,378.1447341957838,727.084897999997,120.53025690454
ACM,10,adaptive_pair,5,0.7630971670150757,0.027038209439652756,0.7626898489273599,0.026717846616698026,12.2,0.39999999999999997,221430.0,7260.0,110715.0,3630.0,7066800.0,0.0,332145.0,10890.0,0.0,0.0,40.548544960022994,11.436935705895362
ACM,10,full_mesh,5,0.7512355804443359,0.024122580345583206,0.7494268410977918,0.02535501090283229,78.0,0.0,1415700.0,0.0,117975.0,0.0,0.0,0.0,1533675.0,0.0,0.0,0.0,0.0,0.0
ACM,10,random_matched,5,0.5551894307136536,0.1217729199317299,0.5507858685618325,0.12236424517093443,5.0,0.0,90750.0,0.0,72600.0,5739.533953205609,0.0,0.0,163350.0,5739.533953205609,0.0,0.0,0.0,0.0
ACM,10,single_party_best,5,0.8200988411903382,0.013955733742992093,0.8212000877407013,0.013798382584908193,0.0,0.0,0.0,0.0,0.0,0.0,0.0,0.0,0.0,0.0,0.0,0.0,0.0,0.0
ACM,10,topk_reliability_vote,5,0.8500823616981507,0.012416116592106875,0.8502321378322657,0.012684711142828207,0.0,0.0,0.0,0.0,45375.0,0.0,0.0,0.0,45375.0,0.0,0.0,0.0,0.0,0.0
ACM,15,adaptive_complementarity,5,0.7354200839996338,0.029370783727595186,0.7344567973660888,0.02993697808384089,15.0,0.0,272250.0,0.0,143385.0,6791.108156994704,9784800.0,0.0,415635.0,6791.108156994704,0.0,0.0,94.68281269998951,10.604558258905636
ACM,15,adaptive_graph_val,5,0.8425041079521179,0.017391301062795787,0.8425667610184355,0.01810996297507378,5.0,0.0,90750.0,0.0,54450.0,5739.533953205609,9784800.0,0.0,145200.0,5739.533953205609,228901.8,1584.2771727194709,5188.532263839984,6193.586931229721
ACM,15,adaptive_pair,5,0.7413508892059326,0.03384290221816963,0.7406107536760305,0.033742917370498476,15.0,0.0,272250.0,0.0,143385.0,3630.0,9784800.0,0.0,415635.0,3630.0,0.0,0.0,91.07784021996667,8.084145833098663
ACM,15,full_mesh,5,0.7166391849517822,0.03507165859772747,0.715222238119295,0.0347969591650754,153.0,0.0,2776950.0,0.0,163350.0,0.0,0.0,0.0,2940300.0,0.0,0.0,0.0,0.0,0.0
ACM,15,random_matched,5,0.6141680181026459,0.10898775892343697,0.6137550956545288,0.1083233583072587,5.0,0.0,90750.0,0.0,76230.0,4445.823883151468,0.0,0.0,166980.0,4445.823883151468,0.0,0.0,0.0,0.0
ACM,15,single_party_best,5,0.8200988411903382,0.013955733742992093,0.8212000877407013,0.013798382584908193,0.0,0.0,0.0,0.0,0.0,0.0,0.0,0.0,0.0,0.0,0.0,0.0,0.0,0.0
ACM,15,topk_reliability_vote,5,0.8500823616981507,0.012416116592106875,0.8501145182714096,0.012815905981143386,0.0,0.0,0.0,0.0,45375.0,0.0,0.0,0.0,45375.0,0.0,0.0,0.0,0.0,0.0
DBLP,0,adaptive_complementarity,5,0.8931203842163086,0.014473400871624803,0.8831752543412037,0.014940949054478136,3.0,0.0,97368.0,0.0,48684.0,0.0,2916000.0,0.0,146052.0,0.0,0.0,0.0,1.490206939984637,0.47259511108792085
DBLP,0,adaptive_graph_val,5,0.8931203842163086,0.014473400871624803,0.8831752543412037,0.014940949054478136,3.0,0.0,97368.0,0.0,48684.0,0.0,2916000.0,0.0,146052.0,0.0,1800.0,0.0,5.545404879978742,2.4122918123207597
DBLP,0,adaptive_pair,5,0.8931203842163086,0.014473400871624803,0.8831752543412037,0.014940949054478136,3.0,0.0,97368.0,0.0,48684.0,0.0,2916000.0,0.0,146052.0,0.0,0.0,0.0,1.659693160011375,0.4779956630129191
DBLP,0,full_mesh,5,0.8931203842163086,0.014473400871624803,0.8831752543412037,0.014940949054478136,3.0,0.0,97368.0,0.0,48684.0,0.0,0.0,0.0,146052.0,0.0,0.0,0.0,0.0,0.0
DBLP,0,random_matched,5,0.8931203842163086,0.014473400871624803,0.8831752543412037,0.014940949054478136,3.0,0.0,97368.0,0.0,48684.0,0.0,0.0,0.0,146052.0,0.0,0.0,0.0,0.0,0.0
DBLP,0,single_party_best,5,0.8874692678451538,0.009968273756476485,0.8775664947265351,0.010295396824646372,0.0,0.0,0.0,0.0,0.0,0.0,0.0,0.0,0.0,0.0,0.0,0.0,0.0,0.0
DBLP,0,topk_reliability_vote,5,0.8911547780036926,0.015316415131956333,0.8805055370529342,0.016066176608559093,0.0,0.0,0.0,0.0,48684.0,0.0,0.0,0.0,48684.0,0.0,0.0,0.0,0.0,0.0
DBLP,2,adaptive_complementarity,5,0.8874692797660828,0.013803022476517855,0.8754068673034349,0.015723708068538022,4.6,0.48989794855663565,149297.6,15900.127818354164,74648.8,7950.063909177082,4860000.0,0.0,223946.4,23850.191727531248,0.0,0.0,4.82950285999541,1.427034757824968
DBLP,2,adaptive_graph_val,5,0.8901719689369202,0.0140199875218102,0.8785338478934559,0.015108827949492358,4.2,0.39999999999999997,136315.2,12982.400000000001,74648.8,7950.063909177082,4860000.0,0.0,210964.0,17776.883326387673,8210.4,110.42572164129153,29.022814680026205,8.6798346719503
DBLP,2,adaptive_pair,5,0.8894348740577698,0.012407250047866103,0.8786402440838991,0.013175805572497512,4.0,0.0,129824.0,0.0,81140.0,0.0,4860000.0,0.0,210964.0,0.0,0.0,0.0,4.821654799983662,1.2748045432887722
DBLP,2,full_mesh,5,0.8896805763244628,0.012776412413680173,0.8785388120266491,0.013562110233469959,10.0,0.0,324560.0,0.0,81140.0,0.0,0.0,0.0,405700.0,0.0,0.0,0.0,0.0,0.0
DBLP,2,random_matched,5,0.8891891837120056,0.011690789663768176,0.8785867039577546,0.013118536505431603,5.0,0.0,162280.0,0.0,81140.0,0.0,0.0,0.0,243420.0,0.0,0.0,0.0,0.0,0.0
DBLP,2,single_party_best,5,0.8874692678451538,0.009968273756476485,0.8775664947265351,0.010295396824646372,0.0,0.0,0.0,0.0,0.0,0.0,0.0,0.0,0.0,0.0,0.0,0.0,0.0,0.0
DBLP,2,topk_reliability_vote,5,0.8894348740577698,0.01374605147262533,0.8788656617927864,0.015064194978869174,0.0,0.0,0.0,0.0,81140.0,0.0,0.0,0.0,81140.0,0.0,0.0,0.0,0.0,0.0
DBLP,5,adaptive_complementarity,5,0.8825552582740783,0.01842914217865193,0.8702467700678088,0.021885042137933294,7.0,0.0,227192.0,0.0,116841.6,6491.200000000001,7776000.0,0.0,344033.6,6491.199999999999,0.0,0.0,13.186700919960277,3.848622848625002
DBLP,5,adaptive_graph_val,5,0.8869778633117675,0.016223646278643703,0.8764358167154105,0.018008953293100687,5.2,0.39999999999999997,168771.2,12982.400000000001,94122.4,6491.200000000001,7776000.0,0.0,262893.6,15900.127818354167,31693.2,379.13659807515285,144.35871270001516,52.6791159381328
DBLP,5,adaptive_pair,5,0.8791154623031616,0.015492753441880067,0.8654670986947124,0.018078603617966135,7.0,0.0,227192.0,0.0,116841.6,6491.200000000001,7776000.0,0.0,344033.6,6491.2,0.0,0.0,12.86065727998066,4.113171545530563
DBLP,5,full_mesh,5,0.8786240577697754,0.017293531494397742,0.8655636503066058,0.020282700708004767,28.0,0.0,908768.0,0.0,129824.0,0.0,0.0,0.0,1038592.0,0.0,0.0,0.0,0.0,0.0
DBLP,5,random_matched,5,0.78083536028862,0.20893277511040986,0.7590406192565564,0.2306680390440326,5.0,0.0,162280.0,0.0,110350.4,12143.923214513505,0.0,0.0,272630.4,12143.923214513505,0.0,0.0,0.0,0.0
DBLP,5,single_party_best,5,0.8874692678451538,0.009968273756476485,0.8775664947265351,0.010295396824646372,0.0,0.0,0.0,0.0,0.0,0.0,0.0,0.0,0.0,0.0,0.0,0.0,0.0,0.0
DBLP,5,topk_reliability_vote,5,0.88796067237854,0.015566598769082134,0.8765899851303185,0.016509183937672547,0.0,0.0,0.0,0.0,81140.0,0.0,0.0,0.0,81140.0,0.0,0.0,0.0,0.0,0.0
DBLP,10,adaptive_complementarity,5,0.859950852394104,0.02156012066239424,0.8408273612192712,0.029507127566803466,12.0,0.0,389472.0,0.0,197981.6,6491.200000000001,12636000.0,0.0,587453.6,6491.2,0.0,0.0,38.14864408008725,15.169387549113035
DBLP,10,adaptive_graph_val,5,0.8867321610450745,0.016415995520079614,0.8757521763652001,0.01849924957362145,5.2,0.39999999999999997,168771.2,12982.400000000001,100613.6,6491.200000000001,12636000.0,0.0,269384.8,19473.6,108912.4,1435.2915522638598,649.6937391799845,231.5872347445954
DBLP,10,adaptive_pair,5,0.8604422450065613,0.02263376762852761,0.8401353073925139,0.030785820910057132,12.2,0.39999999999999997,395963.2,12982.400000000001,201227.2,7950.063909177083,12636000.0,0.0,597190.4,18924.93746990991,0.0,0.0,38.107275160010616,13.866183217510887
DBLP,10,full_mesh,5,0.8626535415649415,0.02528924185477583,0.8439807064155257,0.03516788873994972,78.0,0.0,2531568.0,0.0,210964.0,0.0,0.0,0.0,2742532.0,0.0,0.0,0.0,0.0,0.0
DBLP,10,random_matched,5,0.4412776350975037,0.22770382204620587,0.37231414756032105,0.2590338700421166,5.0,0.0,162280.0,0.0,129824.0,10263.488373842492,0.0,0.0,292104.0,10263.488373842492,0.0,0.0,0.0,0.0
DBLP,10,single_party_best,5,0.8874692678451538,0.009968273756476485,0.8775664947265351,0.010295396824646372,0.0,0.0,0.0,0.0,0.0,0.0,0.0,0.0,0.0,0.0,0.0,0.0,0.0,0.0
DBLP,10,topk_reliability_vote,5,0.8886977791786194,0.015316410542417476,0.8769351092674569,0.016968532906169603,0.0,0.0,0.0,0.0,81140.0,0.0,0.0,0.0,81140.0,0.0,0.0,0.0,0.0,0.0
DBLP,15,adaptive_complementarity,5,0.8346437215805054,0.02996737421963826,0.8017594397021455,0.047878508932538845,15.0,0.0,486840.0,0.0,253156.8,7950.063909177083,17496000.0,0.0,739996.8,7950.063909177083,0.0,0.0,73.1024606200721,23.5193884557584
DBLP,15,adaptive_graph_val,5,0.8855036735534668,0.017724503305499923,0.8736999338858207,0.02005178260688441,5.2,0.39999999999999997,168771.2,12982.400000000001,107104.8,12982.399999999998,17496000.0,0.0,275876.0,25140.309496901584,233360.0,2811.5719446601397,3877.0971380800474,5006.552286596916
DBLP,15,adaptive_pair,5,0.8469287514686584,0.02963312453497603,0.8209117153196628,0.0438386939311062,15.0,0.0,486840.0,0.0,249911.2,7950.063909177083,17496000.0,0.0,736751.2,7950.063909177083,0.0,0.0,74.48085643996455,23.571455390956892
DBLP,15,full_mesh,5,0.833906614780426,0.028856962822614268,0.8009828269871522,0.04492202135683645,153.0,0.0,4965768.0,0.0,292104.0,0.0,0.0,0.0,5257872.0,0.0,0.0,0.0,0.0,0.0
DBLP,15,random_matched,5,0.8744471549987793,0.01579758974551531,0.86064543264294,0.020352779148849826,5.0,0.0,162280.0,0.0,136315.2,7950.063909177083,0.0,0.0,298595.2,7950.063909177083,0.0,0.0,0.0,0.0
DBLP,15,single_party_best,5,0.8874692678451538,0.009968273756476485,0.8775664947265351,0.010295396824646372,0.0,0.0,0.0,0.0,0.0,0.0,0.0,0.0,0.0,0.0,0.0,0.0,0.0,0.0
DBLP,15,topk_reliability_vote,5,0.8916461825370788,0.01632381614427115,0.8808709140287722,0.017988519305623764,0.0,0.0,0.0,0.0,81140.0,0.0,0.0,0.0,81140.0,0.0,0.0,0.0,0.0,0.0
