dataset,setting,seed,method,interface_type,d_ref,selected_by,best_val,test_at_best_val,macro_f1,best_epoch,first_loss,best_loss,param_count,source
ACM,hard,42,Best Single,fresh prediction-space within-suite reference,N/A,fresh_final_predictor_cache,0.8195364475250244,0.8187808990478516,0.8197571174315361,fresh_final,N/A,N/A,0,outputs\alignment_references_acmhard5\fresh_within_suite_cache\acm_hard_seed42_fresh_final.pt
ACM,hard,42,Global Top-k Reliability,fresh prediction-space within-suite reference,N/A,fresh_final_predictor_cache,0.862582802772522,0.8665568232536316,0.8662241258709447,fresh_final,N/A,N/A,0,outputs\alignment_references_acmhard5\fresh_within_suite_cache\acm_hard_seed42_fresh_final.pt
ACM,hard,42,Full Mesh prediction consensus,fresh prediction-space within-suite reference,N/A,fresh_final_predictor_cache,0.7649006843566895,0.7660626173019409,0.7640099681851616,fresh_final,N/A,N/A,0,outputs\alignment_references_acmhard5\fresh_within_suite_cache\acm_hard_seed42_fresh_final.pt
ACM,hard,42,TA-DVFG,fresh prediction-space within-suite reference,N/A,fresh_final_predictor_cache,0.8774834275245667,0.8451400399208069,0.845478247274085,fresh_final,N/A,N/A,0,outputs\alignment_references_acmhard5\fresh_within_suite_cache\acm_hard_seed42_fresh_final.pt
ACM,hard,42,Project-and-Mean,centralized stronger-information latent-alignment reference,32,validation_accuracy,0.6142383813858032,0.5864909291267395,0.5879757597206362,157,1.0699071884155273,0.01278706081211567,32259,fresh_hidden_export
ACM,hard,42,Project-and-Concat,centralized stronger-information latent-alignment reference,64,validation_accuracy,0.4668874144554138,0.4168039560317993,0.40513750281949124,11,1.0942083597183228,0.9023498296737671,124099,fresh_hidden_export
ACM,hard,42,Gated Fusion,centralized stronger-information latent-alignment reference,128,validation_accuracy,0.4503311216831207,0.3953871428966522,0.34282933562454865,3,1.101763129234314,1.0638482570648193,127122,fresh_hidden_export
ACM,hard,42,Reliability-Selected Project-and-Mean,centralized stronger-information latent-alignment reference,32,validation_accuracy,0.7649006843566895,0.7726523876190186,0.7748411591409332,64,1.0929112434387207,0.09607096761465073,10819,fresh_hidden_export
ACM,hard,42,Reliability-Selected Gated Fusion,centralized stronger-information latent-alignment reference,32,validation_accuracy,0.5728476643562317,0.5848435163497925,0.5426240413714836,10,1.1022707223892212,1.0603073835372925,10664,fresh_hidden_export
ACM,hard,42,Useful-Only best latent fusion,diagnostic oracle: known useful parties only,32,validation_accuracy_over_oracle_candidates,0.8807947039604187,0.8879736661911011,0.8896296902948878,128,1.1180824041366577,0.23995083570480347,6531,fresh_hidden_export_known_useful_only
ACM,hard,43,Best Single,fresh prediction-space within-suite reference,N/A,fresh_final_predictor_cache,0.8725165724754333,0.8023064136505127,0.8042211234195036,fresh_final,N/A,N/A,0,outputs\alignment_references_acmhard5\fresh_within_suite_cache\acm_hard_seed43_fresh_final.pt
ACM,hard,43,Global Top-k Reliability,fresh prediction-space within-suite reference,N/A,fresh_final_predictor_cache,0.8907284736633301,0.8517298102378845,0.8505902506498498,fresh_final,N/A,N/A,0,outputs\alignment_references_acmhard5\fresh_within_suite_cache\acm_hard_seed43_fresh_final.pt
ACM,hard,43,Full Mesh prediction consensus,fresh prediction-space within-suite reference,N/A,fresh_final_predictor_cache,0.8029801249504089,0.782537043094635,0.7826874843756633,fresh_final,N/A,N/A,0,outputs\alignment_references_acmhard5\fresh_within_suite_cache\acm_hard_seed43_fresh_final.pt
ACM,hard,43,TA-DVFG,fresh prediction-space within-suite reference,N/A,fresh_final_predictor_cache,0.8956953883171082,0.8451400399208069,0.8448386674580347,fresh_final,N/A,N/A,0,outputs\alignment_references_acmhard5\fresh_within_suite_cache\acm_hard_seed43_fresh_final.pt
ACM,hard,43,Project-and-Mean,centralized stronger-information latent-alignment reference,32,validation_accuracy,0.6158940196037292,0.6161449551582336,0.6174412989175603,45,1.1182528734207153,0.08583401143550873,32259,fresh_hidden_export
ACM,hard,43,Project-and-Concat,centralized stronger-information latent-alignment reference,64,validation_accuracy,0.4420529901981354,0.4118616282939911,0.34531773600457133,2,1.0979751348495483,1.0083909034729004,124099,fresh_hidden_export
ACM,hard,43,Gated Fusion,centralized stronger-information latent-alignment reference,64,validation_accuracy,0.41721853613853455,0.4085667133331299,0.3842956205220356,11,1.0967984199523926,0.9947642087936401,63570,fresh_hidden_export
ACM,hard,43,Reliability-Selected Project-and-Mean,centralized stronger-information latent-alignment reference,32,validation_accuracy,0.804635763168335,0.7627677321434021,0.764093958641831,44,1.080262541770935,0.1523096263408661,10819,fresh_hidden_export
ACM,hard,43,Reliability-Selected Gated Fusion,centralized stronger-information latent-alignment reference,128,validation_accuracy,0.5711920261383057,0.5485996603965759,0.469427435471714,4,1.0967838764190674,1.0576530694961548,42632,fresh_hidden_export
ACM,hard,43,Useful-Only best latent fusion,diagnostic oracle: known useful parties only,64,validation_accuracy_over_oracle_candidates,0.9056291580200195,0.8731465935707092,0.8742949734077565,119,1.1649010181427002,0.27336224913597107,13059,fresh_hidden_export_known_useful_only
ACM,hard,44,Best Single,fresh prediction-space within-suite reference,N/A,fresh_final_predictor_cache,0.8278145790100098,0.828665554523468,0.8299757547175516,fresh_final,N/A,N/A,0,outputs\alignment_references_acmhard5\fresh_within_suite_cache\acm_hard_seed44_fresh_final.pt
ACM,hard,44,Global Top-k Reliability,fresh prediction-space within-suite reference,N/A,fresh_final_predictor_cache,0.8692052960395813,0.8550246953964233,0.8546902727910527,fresh_final,N/A,N/A,0,outputs\alignment_references_acmhard5\fresh_within_suite_cache\acm_hard_seed44_fresh_final.pt
ACM,hard,44,Full Mesh prediction consensus,fresh prediction-space within-suite reference,N/A,fresh_final_predictor_cache,0.7814569473266602,0.747940719127655,0.7485943134347505,fresh_final,N/A,N/A,0,outputs\alignment_references_acmhard5\fresh_within_suite_cache\acm_hard_seed44_fresh_final.pt
ACM,hard,44,TA-DVFG,fresh prediction-space within-suite reference,N/A,fresh_final_predictor_cache,0.8741722106933594,0.8533772826194763,0.8535702937284393,fresh_final,N/A,N/A,0,outputs\alignment_references_acmhard5\fresh_within_suite_cache\acm_hard_seed44_fresh_final.pt
ACM,hard,44,Project-and-Mean,centralized stronger-information latent-alignment reference,32,validation_accuracy,0.6009933948516846,0.5799011588096619,0.5829415582051042,181,1.1228078603744507,0.0562918446958065,32259,fresh_hidden_export
ACM,hard,44,Project-and-Concat,centralized stronger-information latent-alignment reference,128,validation_accuracy,0.4652317762374878,0.40197694301605225,0.4026227467114167,10,1.0957647562026978,0.82054603099823,247939,fresh_hidden_export
ACM,hard,44,Gated Fusion,centralized stronger-information latent-alignment reference,32,validation_accuracy,0.4867549538612366,0.44645798206329346,0.43549172365065364,11,1.1035048961639404,1.0432660579681396,31794,fresh_hidden_export
ACM,hard,44,Reliability-Selected Project-and-Mean,centralized stronger-information latent-alignment reference,32,validation_accuracy,0.7930463552474976,0.7858319878578186,0.78644616226679,150,1.1511119604110718,0.14999757707118988,10819,fresh_hidden_export
ACM,hard,44,Reliability-Selected Gated Fusion,centralized stronger-information latent-alignment reference,128,validation_accuracy,0.5745033025741577,0.5502471327781677,0.4922176720506684,5,1.1006394624710083,1.0572428703308105,42632,fresh_hidden_export
ACM,hard,44,Useful-Only best latent fusion,diagnostic oracle: known useful parties only,128,validation_accuracy_over_oracle_candidates,0.8990066051483154,0.8879736661911011,0.8892222560666058,46,1.0648726224899292,0.21319596469402313,26115,fresh_hidden_export_known_useful_only
ACM,hard,45,Best Single,fresh prediction-space within-suite reference,N/A,fresh_final_predictor_cache,0.8377483487129211,0.8484349250793457,0.8496069890131165,fresh_final,N/A,N/A,0,outputs\alignment_references_acmhard5\fresh_within_suite_cache\acm_hard_seed45_fresh_final.pt
ACM,hard,45,Global Top-k Reliability,fresh prediction-space within-suite reference,N/A,fresh_final_predictor_cache,0.8940397500991821,0.8583195805549622,0.8597031071783183,fresh_final,N/A,N/A,0,outputs\alignment_references_acmhard5\fresh_within_suite_cache\acm_hard_seed45_fresh_final.pt
ACM,hard,45,Full Mesh prediction consensus,fresh prediction-space within-suite reference,N/A,fresh_final_predictor_cache,0.7897350788116455,0.7874794006347656,0.7881485314866751,fresh_final,N/A,N/A,0,outputs\alignment_references_acmhard5\fresh_within_suite_cache\acm_hard_seed45_fresh_final.pt
ACM,hard,45,TA-DVFG,fresh prediction-space within-suite reference,N/A,fresh_final_predictor_cache,0.8923841118812561,0.859967052936554,0.8614201378869791,fresh_final,N/A,N/A,0,outputs\alignment_references_acmhard5\fresh_within_suite_cache\acm_hard_seed45_fresh_final.pt
ACM,hard,45,Project-and-Mean,centralized stronger-information latent-alignment reference,32,validation_accuracy,0.5910596251487732,0.5799011588096619,0.5815901439876582,194,1.1266334056854248,0.012614354491233826,32259,fresh_hidden_export
ACM,hard,45,Project-and-Concat,centralized stronger-information latent-alignment reference,64,validation_accuracy,0.45860928297042847,0.44316309690475464,0.4424172960734767,193,1.1088134050369263,6.206516263773665e-05,124099,fresh_hidden_export
ACM,hard,45,Gated Fusion,centralized stronger-information latent-alignment reference,128,validation_accuracy,0.46854305267333984,0.4777594804763794,0.3808160268512692,5,1.0997611284255981,1.0812768936157227,127122,fresh_hidden_export
ACM,hard,45,Reliability-Selected Project-and-Mean,centralized stronger-information latent-alignment reference,32,validation_accuracy,0.8013244867324829,0.7594727873802185,0.7605733597580594,91,1.1267296075820923,0.08942236006259918,10819,fresh_hidden_export
ACM,hard,45,Reliability-Selected Gated Fusion,centralized stronger-information latent-alignment reference,128,validation_accuracy,0.5480132699012756,0.5387150049209595,0.4497768510477235,5,1.098488211631775,1.052594780921936,42632,fresh_hidden_export
ACM,hard,45,Useful-Only best latent fusion,diagnostic oracle: known useful parties only,64,validation_accuracy_over_oracle_candidates,0.8956953883171082,0.8995057940483093,0.9006239806543318,104,1.117647409439087,0.21380816400051117,13059,fresh_hidden_export_known_useful_only
ACM,hard,46,Best Single,fresh prediction-space within-suite reference,N/A,fresh_final_predictor_cache,0.8427152037620544,0.8418451547622681,0.8416309944785656,fresh_final,N/A,N/A,0,outputs\alignment_references_acmhard5\fresh_within_suite_cache\acm_hard_seed46_fresh_final.pt
ACM,hard,46,Global Top-k Reliability,fresh prediction-space within-suite reference,N/A,fresh_final_predictor_cache,0.9023178815841675,0.8780889511108398,0.8781110494929601,fresh_final,N/A,N/A,0,outputs\alignment_references_acmhard5\fresh_within_suite_cache\acm_hard_seed46_fresh_final.pt
ACM,hard,46,Full Mesh prediction consensus,fresh prediction-space within-suite reference,N/A,fresh_final_predictor_cache,0.804635763168335,0.8072487711906433,0.8068693578706094,fresh_final,N/A,N/A,0,outputs\alignment_references_acmhard5\fresh_within_suite_cache\acm_hard_seed46_fresh_final.pt
ACM,hard,46,TA-DVFG,fresh prediction-space within-suite reference,N/A,fresh_final_predictor_cache,0.8990066051483154,0.8764415383338928,0.8767193169599062,fresh_final,N/A,N/A,0,outputs\alignment_references_acmhard5\fresh_within_suite_cache\acm_hard_seed46_fresh_final.pt
ACM,hard,46,Project-and-Mean,centralized stronger-information latent-alignment reference,32,validation_accuracy,0.5844370722770691,0.607907772064209,0.6117957786330387,194,1.127219557762146,0.058761585503816605,32259,fresh_hidden_export
ACM,hard,46,Project-and-Concat,centralized stronger-information latent-alignment reference,32,validation_accuracy,0.43377482891082764,0.4398682117462158,0.4284445718244661,41,1.1026495695114136,0.5061484575271606,62179,fresh_hidden_export
ACM,hard,46,Gated Fusion,centralized stronger-information latent-alignment reference,64,validation_accuracy,0.41225165128707886,0.4102141559123993,0.4048625509921508,14,1.1039704084396362,0.9819633960723877,63570,fresh_hidden_export
ACM,hard,46,Reliability-Selected Project-and-Mean,centralized stronger-information latent-alignment reference,64,validation_accuracy,0.7913907170295715,0.7742998600006104,0.7763081589619905,178,1.1629329919815063,0.05316901206970215,21635,fresh_hidden_export
ACM,hard,46,Reliability-Selected Gated Fusion,centralized stronger-information latent-alignment reference,32,validation_accuracy,0.5662251710891724,0.5848435163497925,0.5799251126237629,73,1.108006238937378,0.9960264563560486,10664,fresh_hidden_export
ACM,hard,46,Useful-Only best latent fusion,diagnostic oracle: known useful parties only,32,validation_accuracy_over_oracle_candidates,0.9139072895050049,0.8978583216667175,0.8981609649990112,187,1.1847864389419556,0.311899870634079,6531,fresh_hidden_export_known_useful_only
