dataset,setting,seed,method,d_ref,lr,weight_decay,val_acc,test_acc,macro_f1,best_epoch,first_loss,best_loss,param_count,party_ids,role,selected
ACM,hard,42,Project-and-Mean,32,0.001,0.0,0.5629138946533203,0.5469522476196289,0.5488483949243442,197,1.1339035034179688,0.011853732168674469,32259,"[0, 1, 2, 3, 4, 5, 6, 7, 8, 9, 10, 11, 12, 13, 14]",main,False
ACM,hard,42,Project-and-Mean,32,0.001,0.0001,0.6142383813858032,0.5864909291267395,0.5879757597206362,157,1.0699071884155273,0.01278706081211567,32259,"[0, 1, 2, 3, 4, 5, 6, 7, 8, 9, 10, 11, 12, 13, 14]",main,True
ACM,hard,42,Project-and-Mean,32,0.0003,0.0,0.5695364475250244,0.5469522476196289,0.5488304093567251,197,1.1040483713150024,0.05843975767493248,32259,"[0, 1, 2, 3, 4, 5, 6, 7, 8, 9, 10, 11, 12, 13, 14]",main,False
ACM,hard,42,Project-and-Mean,32,0.0003,0.0001,0.6043046116828918,0.5897858142852783,0.5926496734292817,199,1.0801506042480469,0.046044789254665375,32259,"[0, 1, 2, 3, 4, 5, 6, 7, 8, 9, 10, 11, 12, 13, 14]",main,False
ACM,hard,42,Project-and-Mean,64,0.001,0.0,0.5496688485145569,0.5403624176979065,0.5445092015300744,166,1.1041326522827148,0.003967832773923874,64515,"[0, 1, 2, 3, 4, 5, 6, 7, 8, 9, 10, 11, 12, 13, 14]",main,False
ACM,hard,42,Project-and-Mean,64,0.001,0.0001,0.5811258554458618,0.5848435163497925,0.5872259599104415,176,1.156857967376709,0.004394694231450558,64515,"[0, 1, 2, 3, 4, 5, 6, 7, 8, 9, 10, 11, 12, 13, 14]",main,False
ACM,hard,42,Project-and-Mean,64,0.0003,0.0,0.5827814340591431,0.5897858142852783,0.5925590100397299,187,1.080873727798462,0.021062755957245827,64515,"[0, 1, 2, 3, 4, 5, 6, 7, 8, 9, 10, 11, 12, 13, 14]",main,False
ACM,hard,42,Project-and-Mean,64,0.0003,0.0001,0.5612582564353943,0.5518945455551147,0.5552524137845875,187,1.1008161306381226,0.020963065326213837,64515,"[0, 1, 2, 3, 4, 5, 6, 7, 8, 9, 10, 11, 12, 13, 14]",main,False
ACM,hard,42,Project-and-Mean,128,0.001,0.0,0.556291401386261,0.5354201197624207,0.5373816338695505,171,1.07500422000885,0.0011660328600555658,129027,"[0, 1, 2, 3, 4, 5, 6, 7, 8, 9, 10, 11, 12, 13, 14]",main,False
ACM,hard,42,Project-and-Mean,128,0.001,0.0001,0.559602677822113,0.5502471327781677,0.5512192166917497,178,1.081879734992981,0.001661193324252963,129027,"[0, 1, 2, 3, 4, 5, 6, 7, 8, 9, 10, 11, 12, 13, 14]",main,False
ACM,hard,42,Project-and-Mean,128,0.0003,0.0,0.5529801249504089,0.5238879919052124,0.5255415760788272,193,1.1071854829788208,0.006392533425241709,129027,"[0, 1, 2, 3, 4, 5, 6, 7, 8, 9, 10, 11, 12, 13, 14]",main,False
ACM,hard,42,Project-and-Mean,128,0.0003,0.0001,0.5480132699012756,0.5354201197624207,0.5382042863210167,198,1.1281098127365112,0.007363811135292053,129027,"[0, 1, 2, 3, 4, 5, 6, 7, 8, 9, 10, 11, 12, 13, 14]",main,False
ACM,hard,42,Project-and-Concat,32,0.001,0.0,0.4370861053466797,0.3756178021430969,0.3750721606086989,92,1.097848892211914,0.0004498558701016009,62179,"[0, 1, 2, 3, 4, 5, 6, 7, 8, 9, 10, 11, 12, 13, 14]",main,False
ACM,hard,42,Project-and-Concat,32,0.001,0.0001,0.4271523058414459,0.38385501503944397,0.3789156678162515,32,1.0985430479049683,0.016054050996899605,62179,"[0, 1, 2, 3, 4, 5, 6, 7, 8, 9, 10, 11, 12, 13, 14]",main,False
ACM,hard,42,Project-and-Concat,32,0.0003,0.0,0.45860928297042847,0.3855024576187134,0.38328924199790343,131,1.0936625003814697,0.010850442573428154,62179,"[0, 1, 2, 3, 4, 5, 6, 7, 8, 9, 10, 11, 12, 13, 14]",main,False
ACM,hard,42,Project-and-Concat,32,0.0003,0.0001,0.41887417435646057,0.3706754446029663,0.36990591158755715,116,1.1062250137329102,0.014983023516833782,62179,"[0, 1, 2, 3, 4, 5, 6, 7, 8, 9, 10, 11, 12, 13, 14]",main,False
ACM,hard,42,Project-and-Concat,64,0.001,0.0,0.4486754834651947,0.3723228871822357,0.37146241416402354,23,1.098915696144104,0.04683105647563934,124099,"[0, 1, 2, 3, 4, 5, 6, 7, 8, 9, 10, 11, 12, 13, 14]",main,False
ACM,hard,42,Project-and-Concat,64,0.001,0.0001,0.43377482891082764,0.38220757246017456,0.3769910424345975,14,1.1018798351287842,0.287065327167511,124099,"[0, 1, 2, 3, 4, 5, 6, 7, 8, 9, 10, 11, 12, 13, 14]",main,False
ACM,hard,42,Project-and-Concat,64,0.0003,0.0,0.4668874144554138,0.4168039560317993,0.40513750281949124,11,1.0942083597183228,0.9023498296737671,124099,"[0, 1, 2, 3, 4, 5, 6, 7, 8, 9, 10, 11, 12, 13, 14]",main,True
ACM,hard,42,Project-and-Concat,64,0.0003,0.0001,0.44701987504959106,0.40032950043678284,0.40140281223638685,27,1.0988820791244507,0.5803365707397461,124099,"[0, 1, 2, 3, 4, 5, 6, 7, 8, 9, 10, 11, 12, 13, 14]",main,False
ACM,hard,42,Project-and-Concat,128,0.001,0.0,0.45695364475250244,0.37726524472236633,0.3741276538744893,3,1.099326491355896,0.8265467882156372,247939,"[0, 1, 2, 3, 4, 5, 6, 7, 8, 9, 10, 11, 12, 13, 14]",main,False
ACM,hard,42,Project-and-Concat,128,0.001,0.0001,0.44536423683166504,0.3937397003173828,0.3908193581808736,30,1.1089599132537842,0.0007051262073218822,247939,"[0, 1, 2, 3, 4, 5, 6, 7, 8, 9, 10, 11, 12, 13, 14]",main,False
ACM,hard,42,Project-and-Concat,128,0.0003,0.0,0.45198675990104675,0.3739703595638275,0.37374369337882635,158,1.0974498987197876,0.0012244099052622914,247939,"[0, 1, 2, 3, 4, 5, 6, 7, 8, 9, 10, 11, 12, 13, 14]",main,False
ACM,hard,42,Project-and-Concat,128,0.0003,0.0001,0.4668874144554138,0.3937397003173828,0.36964369280482995,28,1.1021158695220947,0.23473896086215973,247939,"[0, 1, 2, 3, 4, 5, 6, 7, 8, 9, 10, 11, 12, 13, 14]",main,False
ACM,hard,42,Gated Fusion,32,0.001,0.0,0.38410595059394836,0.36243823170661926,0.2557244961857257,21,1.0994685888290405,0.9490088820457458,31794,"[0, 1, 2, 3, 4, 5, 6, 7, 8, 9, 10, 11, 12, 13, 14]",main,False
ACM,hard,42,Gated Fusion,32,0.001,0.0001,0.3807947039604187,0.350906103849411,0.2587829585092068,39,1.1001137495040894,0.7479418516159058,31794,"[0, 1, 2, 3, 4, 5, 6, 7, 8, 9, 10, 11, 12, 13, 14]",main,False
ACM,hard,42,Gated Fusion,32,0.0003,0.0,0.3874172270298004,0.3261944055557251,0.2751337178615051,130,1.0981957912445068,0.6577337384223938,31794,"[0, 1, 2, 3, 4, 5, 6, 7, 8, 9, 10, 11, 12, 13, 14]",main,False
ACM,hard,42,Gated Fusion,32,0.0003,0.0001,0.4139072895050049,0.3525535464286804,0.32255545879373515,81,1.1052910089492798,0.8744085431098938,31794,"[0, 1, 2, 3, 4, 5, 6, 7, 8, 9, 10, 11, 12, 13, 14]",main,False
ACM,hard,42,Gated Fusion,64,0.001,0.0,0.4254966974258423,0.3690280020236969,0.33409992961037266,21,1.1014132499694824,0.8552215695381165,63570,"[0, 1, 2, 3, 4, 5, 6, 7, 8, 9, 10, 11, 12, 13, 14]",main,False
ACM,hard,42,Gated Fusion,64,0.001,0.0001,0.3973509967327118,0.34102141857147217,0.26378947950879605,16,1.094645380973816,0.9354720711708069,63570,"[0, 1, 2, 3, 4, 5, 6, 7, 8, 9, 10, 11, 12, 13, 14]",main,False
ACM,hard,42,Gated Fusion,64,0.0003,0.0,0.443708598613739,0.37891268730163574,0.3694078499325568,57,1.1016055345535278,0.8768954277038574,63570,"[0, 1, 2, 3, 4, 5, 6, 7, 8, 9, 10, 11, 12, 13, 14]",main,False
ACM,hard,42,Gated Fusion,64,0.0003,0.0001,0.40728476643562317,0.33937397599220276,0.26223389512868994,49,1.1021826267242432,0.9373782873153687,63570,"[0, 1, 2, 3, 4, 5, 6, 7, 8, 9, 10, 11, 12, 13, 14]",main,False
ACM,hard,42,Gated Fusion,128,0.001,0.0,0.4486754834651947,0.4069192707538605,0.3710608447923924,4,1.0989305973052979,1.0481784343719482,127122,"[0, 1, 2, 3, 4, 5, 6, 7, 8, 9, 10, 11, 12, 13, 14]",main,False
ACM,hard,42,Gated Fusion,128,0.001,0.0001,0.4503311216831207,0.3953871428966522,0.34282933562454865,3,1.101763129234314,1.0638482570648193,127122,"[0, 1, 2, 3, 4, 5, 6, 7, 8, 9, 10, 11, 12, 13, 14]",main,True
ACM,hard,42,Gated Fusion,128,0.0003,0.0,0.40066224336624146,0.3476111888885498,0.3195309545809614,67,1.0999268293380737,0.670270562171936,127122,"[0, 1, 2, 3, 4, 5, 6, 7, 8, 9, 10, 11, 12, 13, 14]",main,False
ACM,hard,42,Gated Fusion,128,0.0003,0.0001,0.3857615888118744,0.33443161845207214,0.2868441060291655,39,1.1039668321609497,0.9193512797355652,127122,"[0, 1, 2, 3, 4, 5, 6, 7, 8, 9, 10, 11, 12, 13, 14]",main,False
ACM,hard,42,Reliability-Selected Project-and-Mean,32,0.001,0.0,0.7284768223762512,0.7067545056343079,0.7113648649761458,62,1.108475685119629,0.14893414080142975,10819,"[0, 2, 1, 9, 5]",main,False
ACM,hard,42,Reliability-Selected Project-and-Mean,32,0.001,0.0001,0.7649006843566895,0.7726523876190186,0.7748411591409332,64,1.0929112434387207,0.09607096761465073,10819,"[0, 2, 1, 9, 5]",main,True
ACM,hard,42,Reliability-Selected Project-and-Mean,32,0.0003,0.0,0.7615894079208374,0.7429983615875244,0.7440990211703076,131,1.090516209602356,0.14984895288944244,10819,"[0, 2, 1, 9, 5]",main,False
ACM,hard,42,Reliability-Selected Project-and-Mean,32,0.0003,0.0001,0.7417218685150146,0.7397034764289856,0.742179395407653,167,1.169256567955017,0.1261426955461502,10819,"[0, 2, 1, 9, 5]",main,False
ACM,hard,42,Reliability-Selected Project-and-Mean,64,0.001,0.0,0.7350993156433105,0.7232289910316467,0.7265101654483442,60,1.1342817544937134,0.05957447364926338,21635,"[0, 2, 1, 9, 5]",main,False
ACM,hard,42,Reliability-Selected Project-and-Mean,64,0.001,0.0001,0.7549669146537781,0.747940719127655,0.7512118591840565,103,1.1871988773345947,0.027685090899467468,21635,"[0, 2, 1, 9, 5]",main,False
ACM,hard,42,Reliability-Selected Project-and-Mean,64,0.0003,0.0,0.7384105920791626,0.7248764634132385,0.7288765670991536,165,1.1313787698745728,0.05886409431695938,21635,"[0, 2, 1, 9, 5]",main,False
ACM,hard,42,Reliability-Selected Project-and-Mean,64,0.0003,0.0001,0.751655638217926,0.747940719127655,0.7494319537318974,155,1.0717287063598633,0.061074744910001755,21635,"[0, 2, 1, 9, 5]",main,False
ACM,hard,42,Reliability-Selected Project-and-Mean,128,0.001,0.0,0.7235099077224731,0.7116968631744385,0.715752382419049,66,1.0176324844360352,0.013301742263138294,43267,"[0, 2, 1, 9, 5]",main,False
ACM,hard,42,Reliability-Selected Project-and-Mean,128,0.001,0.0001,0.7218543291091919,0.7051070928573608,0.7082000262926452,134,1.1098928451538086,0.006836059037595987,43267,"[0, 2, 1, 9, 5]",main,False
ACM,hard,42,Reliability-Selected Project-and-Mean,128,0.0003,0.0,0.7301324605941772,0.7116968631744385,0.7153250163789194,169,1.111321210861206,0.022177575156092644,43267,"[0, 2, 1, 9, 5]",main,False
ACM,hard,42,Reliability-Selected Project-and-Mean,128,0.0003,0.0001,0.7384105920791626,0.734761118888855,0.7371896293068279,136,1.1386321783065796,0.032455749809741974,43267,"[0, 2, 1, 9, 5]",main,False
ACM,hard,42,Reliability-Selected Gated Fusion,32,0.001,0.0,0.5728476643562317,0.5848435163497925,0.5426240413714836,10,1.1022707223892212,1.0603073835372925,10664,"[0, 2, 1, 9, 5]",main,True
ACM,hard,42,Reliability-Selected Gated Fusion,32,0.001,0.0001,0.5347682237625122,0.4546952247619629,0.40852946030393805,24,1.103899598121643,0.9735804796218872,10664,"[0, 2, 1, 9, 5]",main,False
ACM,hard,42,Reliability-Selected Gated Fusion,32,0.0003,0.0,0.43543046712875366,0.3855024576187134,0.34850491934705435,94,1.1065999269485474,0.9389407634735107,10664,"[0, 2, 1, 9, 5]",main,False
ACM,hard,42,Reliability-Selected Gated Fusion,32,0.0003,0.0001,0.42384105920791626,0.40197694301605225,0.3842568052720417,80,1.0994627475738525,0.9691330194473267,10664,"[0, 2, 1, 9, 5]",main,False
ACM,hard,42,Reliability-Selected Gated Fusion,64,0.001,0.0,0.46357616782188416,0.4332784116268158,0.372310189804431,24,1.1026699542999268,0.9245617985725403,21320,"[0, 2, 1, 9, 5]",main,False
ACM,hard,42,Reliability-Selected Gated Fusion,64,0.001,0.0001,0.4718542993068695,0.42504119873046875,0.4122269022150844,14,1.0989128351211548,0.9843752980232239,21320,"[0, 2, 1, 9, 5]",main,False
ACM,hard,42,Reliability-Selected Gated Fusion,64,0.0003,0.0,0.44039735198020935,0.40527182817459106,0.36796110079369376,39,1.1034928560256958,1.0272756814956665,21320,"[0, 2, 1, 9, 5]",main,False
ACM,hard,42,Reliability-Selected Gated Fusion,64,0.0003,0.0001,0.5066224932670593,0.46457991003990173,0.4525228641862877,57,1.105863094329834,0.97138911485672,21320,"[0, 2, 1, 9, 5]",main,False
ACM,hard,42,Reliability-Selected Gated Fusion,128,0.001,0.0,0.5264900922775269,0.4596375524997711,0.4499790558184718,7,1.0933077335357666,1.0257892608642578,42632,"[0, 2, 1, 9, 5]",main,False
ACM,hard,42,Reliability-Selected Gated Fusion,128,0.001,0.0001,0.5132450461387634,0.4827018082141876,0.467368547283802,15,1.1033484935760498,0.9617323875427246,42632,"[0, 2, 1, 9, 5]",main,False
ACM,hard,42,Reliability-Selected Gated Fusion,128,0.0003,0.0,0.45695364475250244,0.4349258542060852,0.4047334842192795,40,1.1040236949920654,0.9787054657936096,42632,"[0, 2, 1, 9, 5]",main,False
ACM,hard,42,Reliability-Selected Gated Fusion,128,0.0003,0.0001,0.5231788158416748,0.4579901099205017,0.4388621648036161,27,1.102673053741455,1.0234010219573975,42632,"[0, 2, 1, 9, 5]",main,False
ACM,hard,42,Useful-Only Project-and-Mean,32,0.001,0.0,0.8807947039604187,0.8879736661911011,0.8896296902948878,128,1.1180824041366577,0.23995083570480347,6531,"[0, 1, 2]",diagnostic_oracle,True
ACM,hard,42,Useful-Only Project-and-Mean,32,0.001,0.0001,0.8758277893066406,0.8863261938095093,0.8876610683609624,109,1.1938693523406982,0.2796162962913513,6531,"[0, 1, 2]",diagnostic_oracle,False
ACM,hard,42,Useful-Only Project-and-Mean,32,0.0003,0.0,0.8774834275245667,0.8929159641265869,0.8937173506063996,90,1.057092547416687,0.45956113934516907,6531,"[0, 1, 2]",diagnostic_oracle,False
ACM,hard,42,Useful-Only Project-and-Mean,32,0.0003,0.0001,0.8791390657424927,0.8879736661911011,0.8885079756782548,128,1.1016466617584229,0.3601437211036682,6531,"[0, 1, 2]",diagnostic_oracle,False
ACM,hard,42,Useful-Only Project-and-Mean,64,0.001,0.0,0.8758277893066406,0.8929159641265869,0.8944414849607504,90,1.146831750869751,0.23438233137130737,13059,"[0, 1, 2]",diagnostic_oracle,False
ACM,hard,42,Useful-Only Project-and-Mean,64,0.001,0.0001,0.8774834275245667,0.8830313086509705,0.8842622982648559,56,1.1054177284240723,0.24879507720470428,13059,"[0, 1, 2]",diagnostic_oracle,False
ACM,hard,42,Useful-Only Project-and-Mean,64,0.0003,0.0,0.8774834275245667,0.8962108492851257,0.8976632590832218,198,1.1187973022460938,0.24517762660980225,13059,"[0, 1, 2]",diagnostic_oracle,False
ACM,hard,42,Useful-Only Project-and-Mean,64,0.0003,0.0001,0.8774834275245667,0.8863261938095093,0.8862889861582244,41,1.0870015621185303,0.5712417960166931,13059,"[0, 1, 2]",diagnostic_oracle,False
ACM,hard,42,Useful-Only Project-and-Mean,128,0.001,0.0,0.8675496578216553,0.8929159641265869,0.8946595778963918,60,1.072494387626648,0.2252800017595291,26115,"[0, 1, 2]",diagnostic_oracle,False
ACM,hard,42,Useful-Only Project-and-Mean,128,0.001,0.0001,0.8708609342575073,0.8879736661911011,0.88825463941743,11,1.0585415363311768,0.5413579344749451,26115,"[0, 1, 2]",diagnostic_oracle,False
ACM,hard,42,Useful-Only Project-and-Mean,128,0.0003,0.0,0.8708609342575073,0.8863261938095093,0.8879132211417539,157,1.1409159898757935,0.2263483703136444,26115,"[0, 1, 2]",diagnostic_oracle,False
ACM,hard,42,Useful-Only Project-and-Mean,128,0.0003,0.0001,0.8774834275245667,0.8863261938095093,0.886081440138543,21,1.146033525466919,0.7446671724319458,26115,"[0, 1, 2]",diagnostic_oracle,False
ACM,hard,42,Useful-Only Gated Fusion,32,0.001,0.0,0.8211920261383057,0.8072487711906433,0.8016874207340462,79,1.1134518384933472,0.8225973844528198,6438,"[0, 1, 2]",diagnostic_oracle,True
ACM,hard,42,Useful-Only Gated Fusion,32,0.001,0.0001,0.8162251710891724,0.828665554523468,0.8296495291029796,199,1.105870246887207,0.33048689365386963,6438,"[0, 1, 2]",diagnostic_oracle,False
ACM,hard,42,Useful-Only Gated Fusion,32,0.0003,0.0,0.7615894079208374,0.7644151449203491,0.7356274960241609,198,1.0952293872833252,0.8830857276916504,6438,"[0, 1, 2]",diagnostic_oracle,False
ACM,hard,42,Useful-Only Gated Fusion,32,0.0003,0.0001,0.6572847962379456,0.6490939259529114,0.5384868746088732,191,1.096548080444336,0.9071651697158813,6438,"[0, 1, 2]",diagnostic_oracle,False
ACM,hard,42,Useful-Only Gated Fusion,64,0.001,0.0,0.8195364475250244,0.8369027972221375,0.8384235910097333,187,1.0932416915893555,0.28811728954315186,12870,"[0, 1, 2]",diagnostic_oracle,False
ACM,hard,42,Useful-Only Gated Fusion,64,0.001,0.0001,0.8377483487129211,0.8451400399208069,0.8441678546390589,10,1.1024656295776367,1.0706384181976318,12870,"[0, 1, 2]",diagnostic_oracle,False
ACM,hard,42,Useful-Only Gated Fusion,64,0.0003,0.0,0.7798013091087341,0.7693575024604797,0.7570057976153897,197,1.0974873304367065,0.6896271705627441,12870,"[0, 1, 2]",diagnostic_oracle,False
ACM,hard,42,Useful-Only Gated Fusion,64,0.0003,0.0001,0.8261589407920837,0.8105436563491821,0.8042233148572563,145,1.0972332954406738,0.8321492671966553,12870,"[0, 1, 2]",diagnostic_oracle,False
ACM,hard,42,Useful-Only Gated Fusion,128,0.001,0.0,0.8261589407920837,0.8451400399208069,0.8467220598313987,181,1.0968129634857178,0.2631182074546814,25734,"[0, 1, 2]",diagnostic_oracle,False
ACM,hard,42,Useful-Only Gated Fusion,128,0.001,0.0001,0.8311258554458618,0.8385502696037292,0.8398515107791136,170,1.1005921363830566,0.2604082524776459,25734,"[0, 1, 2]",diagnostic_oracle,False
ACM,hard,42,Useful-Only Gated Fusion,128,0.0003,0.0,0.8692052960395813,0.8813838362693787,0.8800950591240596,20,1.0958784818649292,1.0691540241241455,25734,"[0, 1, 2]",diagnostic_oracle,False
ACM,hard,42,Useful-Only Gated Fusion,128,0.0003,0.0001,0.8178808093070984,0.7940691709518433,0.7802461445487602,127,1.0990896224975586,0.806086003780365,25734,"[0, 1, 2]",diagnostic_oracle,False
ACM,hard,43,Project-and-Mean,32,0.001,0.0,0.559602677822113,0.5370675325393677,0.5406445806220354,168,1.1608479022979736,0.016497991979122162,32259,"[0, 1, 2, 3, 4, 5, 6, 7, 8, 9, 10, 11, 12, 13, 14]",main,False
ACM,hard,43,Project-and-Mean,32,0.001,0.0001,0.6158940196037292,0.6161449551582336,0.6174412989175603,45,1.1182528734207153,0.08583401143550873,32259,"[0, 1, 2, 3, 4, 5, 6, 7, 8, 9, 10, 11, 12, 13, 14]",main,True
ACM,hard,43,Project-and-Mean,32,0.0003,0.0,0.5761589407920837,0.5716639161109924,0.5769293514194157,117,1.1043552160263062,0.11266150325536728,32259,"[0, 1, 2, 3, 4, 5, 6, 7, 8, 9, 10, 11, 12, 13, 14]",main,False
ACM,hard,43,Project-and-Mean,32,0.0003,0.0001,0.5827814340591431,0.576606273651123,0.5785729879599611,181,1.0932636260986328,0.07933387160301208,32259,"[0, 1, 2, 3, 4, 5, 6, 7, 8, 9, 10, 11, 12, 13, 14]",main,False
ACM,hard,43,Project-and-Mean,64,0.001,0.0,0.5711920261383057,0.5551894307136536,0.5563831888974745,120,1.0954365730285645,0.006886472925543785,64515,"[0, 1, 2, 3, 4, 5, 6, 7, 8, 9, 10, 11, 12, 13, 14]",main,False
ACM,hard,43,Project-and-Mean,64,0.001,0.0001,0.5678808093070984,0.563426673412323,0.565165107797137,151,1.102137804031372,0.0053772954270243645,64515,"[0, 1, 2, 3, 4, 5, 6, 7, 8, 9, 10, 11, 12, 13, 14]",main,False
ACM,hard,43,Project-and-Mean,64,0.0003,0.0,0.5745033025741577,0.5782536864280701,0.5802656810200661,197,1.1962205171585083,0.02079753577709198,64515,"[0, 1, 2, 3, 4, 5, 6, 7, 8, 9, 10, 11, 12, 13, 14]",main,False
ACM,hard,43,Project-and-Mean,64,0.0003,0.0001,0.557947039604187,0.5601317882537842,0.5621503933012939,181,1.1646937131881714,0.021371446549892426,64515,"[0, 1, 2, 3, 4, 5, 6, 7, 8, 9, 10, 11, 12, 13, 14]",main,False
ACM,hard,43,Project-and-Mean,128,0.001,0.0,0.5529801249504089,0.561779260635376,0.5625469074914967,192,1.0642075538635254,0.0010390718234702945,129027,"[0, 1, 2, 3, 4, 5, 6, 7, 8, 9, 10, 11, 12, 13, 14]",main,False
ACM,hard,43,Project-and-Mean,128,0.001,0.0001,0.5678808093070984,0.5535420179367065,0.5550034907681805,173,1.0894205570220947,0.0016007237136363983,129027,"[0, 1, 2, 3, 4, 5, 6, 7, 8, 9, 10, 11, 12, 13, 14]",main,False
ACM,hard,43,Project-and-Mean,128,0.0003,0.0,0.5281456708908081,0.51729816198349,0.5205090225892025,191,1.1269991397857666,0.006877926643937826,129027,"[0, 1, 2, 3, 4, 5, 6, 7, 8, 9, 10, 11, 12, 13, 14]",main,False
ACM,hard,43,Project-and-Mean,128,0.0003,0.0001,0.559602677822113,0.5518945455551147,0.5540618802918532,197,1.1884011030197144,0.007437102496623993,129027,"[0, 1, 2, 3, 4, 5, 6, 7, 8, 9, 10, 11, 12, 13, 14]",main,False
ACM,hard,43,Project-and-Concat,32,0.001,0.0,0.42384105920791626,0.42504119873046875,0.4199371521120703,16,1.099329948425293,0.495561808347702,62179,"[0, 1, 2, 3, 4, 5, 6, 7, 8, 9, 10, 11, 12, 13, 14]",main,False
ACM,hard,43,Project-and-Concat,32,0.001,0.0001,0.3973509967327118,0.42833608388900757,0.4248003130324623,36,1.0984294414520264,0.012356671504676342,62179,"[0, 1, 2, 3, 4, 5, 6, 7, 8, 9, 10, 11, 12, 13, 14]",main,False
ACM,hard,43,Project-and-Concat,32,0.0003,0.0,0.40066224336624146,0.42009884119033813,0.41575939638522824,85,1.10277259349823,0.04498131200671196,62179,"[0, 1, 2, 3, 4, 5, 6, 7, 8, 9, 10, 11, 12, 13, 14]",main,False
ACM,hard,43,Project-and-Concat,32,0.0003,0.0001,0.4089404046535492,0.4085667133331299,0.40678150523357587,195,1.0968401432037354,0.0036398631054908037,62179,"[0, 1, 2, 3, 4, 5, 6, 7, 8, 9, 10, 11, 12, 13, 14]",main,False
ACM,hard,43,Project-and-Concat,64,0.001,0.0,0.4420529901981354,0.4118616282939911,0.34531773600457133,2,1.0979751348495483,1.0083909034729004,124099,"[0, 1, 2, 3, 4, 5, 6, 7, 8, 9, 10, 11, 12, 13, 14]",main,True
ACM,hard,43,Project-and-Concat,64,0.001,0.0001,0.38907283544540405,0.40527182817459106,0.3997278585886761,20,1.0986874103546143,0.07122605293989182,124099,"[0, 1, 2, 3, 4, 5, 6, 7, 8, 9, 10, 11, 12, 13, 14]",main,False
ACM,hard,43,Project-and-Concat,64,0.0003,0.0,0.43543046712875366,0.42174628376960754,0.41795292019472435,56,1.0966368913650513,0.09102277457714081,124099,"[0, 1, 2, 3, 4, 5, 6, 7, 8, 9, 10, 11, 12, 13, 14]",main,False
ACM,hard,43,Project-and-Concat,64,0.0003,0.0001,0.3990066349506378,0.40197694301605225,0.3878360600024875,25,1.1024816036224365,0.6373848915100098,124099,"[0, 1, 2, 3, 4, 5, 6, 7, 8, 9, 10, 11, 12, 13, 14]",main,False
ACM,hard,43,Project-and-Concat,128,0.001,0.0,0.4139072895050049,0.429983526468277,0.42466532377451444,15,1.0940543413162231,0.04811229184269905,247939,"[0, 1, 2, 3, 4, 5, 6, 7, 8, 9, 10, 11, 12, 13, 14]",main,False
ACM,hard,43,Project-and-Concat,128,0.001,0.0001,0.41059601306915283,0.42504119873046875,0.4253706954042034,6,1.0974448919296265,0.6131904125213623,247939,"[0, 1, 2, 3, 4, 5, 6, 7, 8, 9, 10, 11, 12, 13, 14]",main,False
ACM,hard,43,Project-and-Concat,128,0.0003,0.0,0.4155629277229309,0.429983526468277,0.42799197112750637,93,1.0955500602722168,0.0030871559865772724,247939,"[0, 1, 2, 3, 4, 5, 6, 7, 8, 9, 10, 11, 12, 13, 14]",main,False
ACM,hard,43,Project-and-Concat,128,0.0003,0.0001,0.4023178815841675,0.4151565134525299,0.41497174308319823,127,1.0983235836029053,0.0019970275461673737,247939,"[0, 1, 2, 3, 4, 5, 6, 7, 8, 9, 10, 11, 12, 13, 14]",main,False
ACM,hard,43,Gated Fusion,32,0.001,0.0,0.3576158881187439,0.3723228871822357,0.3665148214371612,189,1.0944744348526,0.023816734552383423,31794,"[0, 1, 2, 3, 4, 5, 6, 7, 8, 9, 10, 11, 12, 13, 14]",main,False
ACM,hard,43,Gated Fusion,32,0.001,0.0001,0.3874172270298004,0.38220757246017456,0.37858995201607387,33,1.1006497144699097,0.8017211556434631,31794,"[0, 1, 2, 3, 4, 5, 6, 7, 8, 9, 10, 11, 12, 13, 14]",main,False
ACM,hard,43,Gated Fusion,32,0.0003,0.0,0.3874172270298004,0.3706754446029663,0.30601035562867623,87,1.1116997003555298,0.8813853859901428,31794,"[0, 1, 2, 3, 4, 5, 6, 7, 8, 9, 10, 11, 12, 13, 14]",main,False
ACM,hard,43,Gated Fusion,32,0.0003,0.0001,0.3625827729701996,0.3476111888885498,0.18927950506897875,66,1.0930651426315308,0.9345202445983887,31794,"[0, 1, 2, 3, 4, 5, 6, 7, 8, 9, 10, 11, 12, 13, 14]",main,False
ACM,hard,43,Gated Fusion,64,0.001,0.0,0.41721853613853455,0.4085667133331299,0.3842956205220356,11,1.0967984199523926,0.9947642087936401,63570,"[0, 1, 2, 3, 4, 5, 6, 7, 8, 9, 10, 11, 12, 13, 14]",main,True
ACM,hard,43,Gated Fusion,64,0.001,0.0001,0.4139072895050049,0.4151565134525299,0.39708650667626366,20,1.1063686609268188,0.9186517000198364,63570,"[0, 1, 2, 3, 4, 5, 6, 7, 8, 9, 10, 11, 12, 13, 14]",main,False
ACM,hard,43,Gated Fusion,64,0.0003,0.0,0.38410595059394836,0.38056012988090515,0.2804330335863748,41,1.1008507013320923,0.9572222828865051,63570,"[0, 1, 2, 3, 4, 5, 6, 7, 8, 9, 10, 11, 12, 13, 14]",main,False
ACM,hard,43,Gated Fusion,64,0.0003,0.0001,0.37748345732688904,0.3525535464286804,0.27252912659316597,72,1.0974433422088623,0.8069589734077454,63570,"[0, 1, 2, 3, 4, 5, 6, 7, 8, 9, 10, 11, 12, 13, 14]",main,False
ACM,hard,43,Gated Fusion,128,0.001,0.0,0.3791390657424927,0.37726524472236633,0.28629385964912285,3,1.0909978151321411,1.0516549348831177,127122,"[0, 1, 2, 3, 4, 5, 6, 7, 8, 9, 10, 11, 12, 13, 14]",main,False
ACM,hard,43,Gated Fusion,128,0.001,0.0001,0.3675496578216553,0.3673805594444275,0.2666476025455544,2,1.098545789718628,1.0719431638717651,127122,"[0, 1, 2, 3, 4, 5, 6, 7, 8, 9, 10, 11, 12, 13, 14]",main,False
ACM,hard,43,Gated Fusion,128,0.0003,0.0,0.41721853613853455,0.38385501503944397,0.2900459340128005,5,1.0974832773208618,1.0781161785125732,127122,"[0, 1, 2, 3, 4, 5, 6, 7, 8, 9, 10, 11, 12, 13, 14]",main,False
ACM,hard,43,Gated Fusion,128,0.0003,0.0001,0.374172180891037,0.3855024576187134,0.3208460423935429,29,1.1022909879684448,0.9819571375846863,127122,"[0, 1, 2, 3, 4, 5, 6, 7, 8, 9, 10, 11, 12, 13, 14]",main,False
ACM,hard,43,Reliability-Selected Project-and-Mean,32,0.001,0.0,0.7930463552474976,0.7462932467460632,0.7486800976810977,83,1.145829200744629,0.08726014941930771,10819,"[0, 2, 1, 3, 5]",main,False
ACM,hard,43,Reliability-Selected Project-and-Mean,32,0.001,0.0001,0.804635763168335,0.7627677321434021,0.764093958641831,44,1.080262541770935,0.1523096263408661,10819,"[0, 2, 1, 3, 5]",main,True
ACM,hard,43,Reliability-Selected Project-and-Mean,32,0.0003,0.0,0.7764900922775269,0.7298187613487244,0.730284993707628,132,1.116324782371521,0.1969437599182129,10819,"[0, 2, 1, 3, 5]",main,False
ACM,hard,43,Reliability-Selected Project-and-Mean,32,0.0003,0.0001,0.7880794405937195,0.749588131904602,0.751343397370999,159,1.0983084440231323,0.15663808584213257,10819,"[0, 2, 1, 3, 5]",main,False
ACM,hard,43,Reliability-Selected Project-and-Mean,64,0.001,0.0,0.7698675394058228,0.703459620475769,0.7068360488850227,74,1.093037486076355,0.033821333199739456,21635,"[0, 2, 1, 3, 5]",main,False
ACM,hard,43,Reliability-Selected Project-and-Mean,64,0.001,0.0001,0.7649006843566895,0.6985173225402832,0.7027772829886786,55,1.128991723060608,0.061696987599134445,21635,"[0, 2, 1, 3, 5]",main,False
ACM,hard,43,Reliability-Selected Project-and-Mean,64,0.0003,0.0,0.7781456708908081,0.7265238761901855,0.7284534910632413,122,1.1571930646896362,0.08766376972198486,21635,"[0, 2, 1, 3, 5]",main,False
ACM,hard,43,Reliability-Selected Project-and-Mean,64,0.0003,0.0001,0.7864238619804382,0.7232289910316467,0.7265119301627349,132,1.142964482307434,0.07783761620521545,21635,"[0, 2, 1, 3, 5]",main,False
ACM,hard,43,Reliability-Selected Project-and-Mean,128,0.001,0.0,0.7615894079208374,0.7116968631744385,0.7143294615402143,58,1.11747145652771,0.01816248707473278,43267,"[0, 2, 1, 3, 5]",main,False
ACM,hard,43,Reliability-Selected Project-and-Mean,128,0.001,0.0001,0.7682119011878967,0.7067545056343079,0.7114151836437528,49,1.0995190143585205,0.024348881095647812,43267,"[0, 2, 1, 3, 5]",main,False
ACM,hard,43,Reliability-Selected Project-and-Mean,128,0.0003,0.0,0.7665562629699707,0.703459620475769,0.7067214510980966,167,1.1565672159194946,0.024965040385723114,43267,"[0, 2, 1, 3, 5]",main,False
ACM,hard,43,Reliability-Selected Project-and-Mean,128,0.0003,0.0001,0.7764900922775269,0.7133443355560303,0.71705898714478,124,1.1838557720184326,0.03813260421156883,43267,"[0, 2, 1, 3, 5]",main,False
ACM,hard,43,Reliability-Selected Gated Fusion,32,0.001,0.0,0.559602677822113,0.5453047752380371,0.44147128780156303,5,1.1074252128601074,1.0880471467971802,10664,"[0, 2, 1, 3, 5]",main,False
ACM,hard,43,Reliability-Selected Gated Fusion,32,0.001,0.0001,0.5115894079208374,0.429983526468277,0.4222106732350603,20,1.102088451385498,1.0017375946044922,10664,"[0, 2, 1, 3, 5]",main,False
ACM,hard,43,Reliability-Selected Gated Fusion,32,0.0003,0.0,0.5115894079208374,0.4530477821826935,0.44497873842818936,69,1.1045671701431274,0.9803592562675476,10664,"[0, 2, 1, 3, 5]",main,False
ACM,hard,43,Reliability-Selected Gated Fusion,32,0.0003,0.0001,0.443708598613739,0.4316309690475464,0.3626949079079897,109,1.0972596406936646,0.8642923831939697,10664,"[0, 2, 1, 3, 5]",main,False
ACM,hard,43,Reliability-Selected Gated Fusion,64,0.001,0.0,0.5331125855445862,0.47611203789711,0.4808798552358661,16,1.1062383651733398,0.9925308227539062,21320,"[0, 2, 1, 3, 5]",main,False
ACM,hard,43,Reliability-Selected Gated Fusion,64,0.001,0.0001,0.4784768223762512,0.42833608388900757,0.42224453666110723,22,1.099592685699463,0.9223038554191589,21320,"[0, 2, 1, 3, 5]",main,False
ACM,hard,43,Reliability-Selected Gated Fusion,64,0.0003,0.0,0.430463582277298,0.37726524472236633,0.34122337377044437,54,1.099818229675293,0.9667361974716187,21320,"[0, 2, 1, 3, 5]",main,False
ACM,hard,43,Reliability-Selected Gated Fusion,64,0.0003,0.0001,0.5480132699012756,0.5222405195236206,0.4995250712192482,57,1.1012169122695923,0.9669882655143738,21320,"[0, 2, 1, 3, 5]",main,False
ACM,hard,43,Reliability-Selected Gated Fusion,128,0.001,0.0,0.5463576316833496,0.4777594804763794,0.4674156014406434,9,1.1011900901794434,1.0061277151107788,42632,"[0, 2, 1, 3, 5]",main,False
ACM,hard,43,Reliability-Selected Gated Fusion,128,0.001,0.0001,0.5711920261383057,0.5485996603965759,0.469427435471714,4,1.0967838764190674,1.0576530694961548,42632,"[0, 2, 1, 3, 5]",main,True
ACM,hard,43,Reliability-Selected Gated Fusion,128,0.0003,0.0,0.556291401386261,0.4975288212299347,0.4767816670047001,23,1.103756308555603,1.0359243154525757,42632,"[0, 2, 1, 3, 5]",main,False
ACM,hard,43,Reliability-Selected Gated Fusion,128,0.0003,0.0001,0.5132450461387634,0.48929160833358765,0.4512800957368917,32,1.09660804271698,0.9981898665428162,42632,"[0, 2, 1, 3, 5]",main,False
ACM,hard,43,Useful-Only Project-and-Mean,32,0.001,0.0,0.9039735198020935,0.8780889511108398,0.8780493504783816,56,1.1391644477844238,0.29164230823516846,6531,"[0, 1, 2]",diagnostic_oracle,False
ACM,hard,43,Useful-Only Project-and-Mean,32,0.001,0.0001,0.8990066051483154,0.8830313086509705,0.8842310119924258,132,1.1205965280532837,0.22290587425231934,6531,"[0, 1, 2]",diagnostic_oracle,False
ACM,hard,43,Useful-Only Project-and-Mean,32,0.0003,0.0,0.8973509669303894,0.8813838362693787,0.8819422571253005,115,1.0876424312591553,0.3383577764034271,6531,"[0, 1, 2]",diagnostic_oracle,False
ACM,hard,43,Useful-Only Project-and-Mean,32,0.0003,0.0001,0.8956953883171082,0.874794065952301,0.875757791039121,182,1.141440987586975,0.31547632813453674,6531,"[0, 1, 2]",diagnostic_oracle,False
ACM,hard,43,Useful-Only Project-and-Mean,64,0.001,0.0,0.9023178815841675,0.8912685513496399,0.892435606721321,134,1.1222217082977295,0.20451723039150238,13059,"[0, 1, 2]",diagnostic_oracle,False
ACM,hard,43,Useful-Only Project-and-Mean,64,0.001,0.0001,0.9056291580200195,0.8780889511108398,0.8786884250003612,49,1.0854625701904297,0.2593493163585663,13059,"[0, 1, 2]",diagnostic_oracle,False
ACM,hard,43,Useful-Only Project-and-Mean,64,0.0003,0.0,0.9056291580200195,0.8731465935707092,0.8742949734077565,119,1.1649010181427002,0.27336224913597107,13059,"[0, 1, 2]",diagnostic_oracle,True
ACM,hard,43,Useful-Only Project-and-Mean,64,0.0003,0.0001,0.8990066051483154,0.8813838362693787,0.8819476719240007,165,1.1677756309509277,0.23865564167499542,13059,"[0, 1, 2]",diagnostic_oracle,False
ACM,hard,43,Useful-Only Project-and-Mean,128,0.001,0.0,0.9023178815841675,0.8813838362693787,0.8824792032035438,80,1.1653010845184326,0.20730052888393402,26115,"[0, 1, 2]",diagnostic_oracle,False
ACM,hard,43,Useful-Only Project-and-Mean,128,0.001,0.0001,0.9039735198020935,0.8846787214279175,0.885502510182817,56,1.1472971439361572,0.2113369107246399,26115,"[0, 1, 2]",diagnostic_oracle,False
ACM,hard,43,Useful-Only Project-and-Mean,128,0.0003,0.0,0.9056291580200195,0.8863261938095093,0.887649905322954,133,1.1409565210342407,0.22134533524513245,26115,"[0, 1, 2]",diagnostic_oracle,False
ACM,hard,43,Useful-Only Project-and-Mean,128,0.0003,0.0001,0.9023178815841675,0.8912685513496399,0.8927109736613362,153,1.031988501548767,0.20699134469032288,26115,"[0, 1, 2]",diagnostic_oracle,False
ACM,hard,43,Useful-Only Gated Fusion,32,0.001,0.0,0.8923841118812561,0.8616145253181458,0.8618563966202423,188,1.1006278991699219,0.30865180492401123,6438,"[0, 1, 2]",diagnostic_oracle,False
ACM,hard,43,Useful-Only Gated Fusion,32,0.001,0.0001,0.8807947039604187,0.827018141746521,0.8258366654986776,139,1.1078052520751953,0.4723835289478302,6438,"[0, 1, 2]",diagnostic_oracle,False
ACM,hard,43,Useful-Only Gated Fusion,32,0.0003,0.0,0.8758277893066406,0.8352553248405457,0.8262227970153665,98,1.102789282798767,0.9993754625320435,6438,"[0, 1, 2]",diagnostic_oracle,False
ACM,hard,43,Useful-Only Gated Fusion,32,0.0003,0.0001,0.7334437370300293,0.7116968631744385,0.6576013498042365,199,1.1013702154159546,0.8592689037322998,6438,"[0, 1, 2]",diagnostic_oracle,False
ACM,hard,43,Useful-Only Gated Fusion,64,0.001,0.0,0.8741722106933594,0.8336079120635986,0.8351618635341015,193,1.0983201265335083,0.27977821230888367,12870,"[0, 1, 2]",diagnostic_oracle,False
ACM,hard,43,Useful-Only Gated Fusion,64,0.001,0.0001,0.8940397500991821,0.8484349250793457,0.8438007939191304,27,1.1088424921035767,1.018754482269287,12870,"[0, 1, 2]",diagnostic_oracle,False
ACM,hard,43,Useful-Only Gated Fusion,64,0.0003,0.0,0.8956953883171082,0.874794065952301,0.8752879409985802,64,1.1034035682678223,1.0440082550048828,12870,"[0, 1, 2]",diagnostic_oracle,True
ACM,hard,43,Useful-Only Gated Fusion,64,0.0003,0.0001,0.8294702172279358,0.7957166433334351,0.7847883047137826,199,1.0954861640930176,0.6519249677658081,12870,"[0, 1, 2]",diagnostic_oracle,False
ACM,hard,43,Useful-Only Gated Fusion,128,0.001,0.0,0.8857616186141968,0.8484349250793457,0.849710086621708,198,1.0949701070785522,0.24969695508480072,25734,"[0, 1, 2]",diagnostic_oracle,False
ACM,hard,43,Useful-Only Gated Fusion,128,0.001,0.0001,0.8841059803962708,0.8484349250793457,0.8489930940734638,199,1.1031590700149536,0.26257678866386414,25734,"[0, 1, 2]",diagnostic_oracle,False
ACM,hard,43,Useful-Only Gated Fusion,128,0.0003,0.0,0.8990066051483154,0.8731465935707092,0.8729401966971028,42,1.1017807722091675,1.0403642654418945,25734,"[0, 1, 2]",diagnostic_oracle,False
ACM,hard,43,Useful-Only Gated Fusion,128,0.0003,0.0001,0.8791390657424927,0.8319604396820068,0.8303294707454528,193,1.1002590656280518,0.5135461091995239,25734,"[0, 1, 2]",diagnostic_oracle,False
ACM,hard,44,Project-and-Mean,32,0.001,0.0,0.5678808093070984,0.561779260635376,0.5632019832132271,188,1.0850046873092651,0.010059378109872341,32259,"[0, 1, 2, 3, 4, 5, 6, 7, 8, 9, 10, 11, 12, 13, 14]",main,False
ACM,hard,44,Project-and-Mean,32,0.001,0.0001,0.5711920261383057,0.5535420179367065,0.5546566658066986,124,1.1124980449676514,0.01853577420115471,32259,"[0, 1, 2, 3, 4, 5, 6, 7, 8, 9, 10, 11, 12, 13, 14]",main,False
ACM,hard,44,Project-and-Mean,32,0.0003,0.0,0.5894039869308472,0.5601317882537842,0.5623178770532286,198,1.1509398221969604,0.056666050106287,32259,"[0, 1, 2, 3, 4, 5, 6, 7, 8, 9, 10, 11, 12, 13, 14]",main,False
ACM,hard,44,Project-and-Mean,32,0.0003,0.0001,0.6009933948516846,0.5799011588096619,0.5829415582051042,181,1.1228078603744507,0.0562918446958065,32259,"[0, 1, 2, 3, 4, 5, 6, 7, 8, 9, 10, 11, 12, 13, 14]",main,True
ACM,hard,44,Project-and-Mean,64,0.001,0.0,0.5612582564353943,0.5337726473808289,0.5344710500975486,103,1.086608648300171,0.008117487654089928,64515,"[0, 1, 2, 3, 4, 5, 6, 7, 8, 9, 10, 11, 12, 13, 14]",main,False
ACM,hard,44,Project-and-Mean,64,0.001,0.0001,0.6009933948516846,0.561779260635376,0.5617454349468364,72,1.0685819387435913,0.011542105115950108,64515,"[0, 1, 2, 3, 4, 5, 6, 7, 8, 9, 10, 11, 12, 13, 14]",main,False
ACM,hard,44,Project-and-Mean,64,0.0003,0.0,0.5844370722770691,0.561779260635376,0.5596388971388971,181,1.1334279775619507,0.023834174498915672,64515,"[0, 1, 2, 3, 4, 5, 6, 7, 8, 9, 10, 11, 12, 13, 14]",main,False
ACM,hard,44,Project-and-Mean,64,0.0003,0.0001,0.5629138946533203,0.5568369030952454,0.5582046284491091,199,1.1388534307479858,0.017898719757795334,64515,"[0, 1, 2, 3, 4, 5, 6, 7, 8, 9, 10, 11, 12, 13, 14]",main,False
ACM,hard,44,Project-and-Mean,128,0.001,0.0,0.556291401386261,0.5436573028564453,0.5439152934812186,184,1.0666656494140625,0.0009287690627388656,129027,"[0, 1, 2, 3, 4, 5, 6, 7, 8, 9, 10, 11, 12, 13, 14]",main,False
ACM,hard,44,Project-and-Mean,128,0.001,0.0001,0.5645695328712463,0.5584843754768372,0.5587426725638107,192,1.095932960510254,0.0013691422063857317,129027,"[0, 1, 2, 3, 4, 5, 6, 7, 8, 9, 10, 11, 12, 13, 14]",main,False
ACM,hard,44,Project-and-Mean,128,0.0003,0.0,0.5513244867324829,0.5485996603965759,0.5483089712616581,197,1.122791051864624,0.006955963093787432,129027,"[0, 1, 2, 3, 4, 5, 6, 7, 8, 9, 10, 11, 12, 13, 14]",main,False
ACM,hard,44,Project-and-Mean,128,0.0003,0.0001,0.5496688485145569,0.5403624176979065,0.5394404682826806,195,1.1094634532928467,0.006957539822906256,129027,"[0, 1, 2, 3, 4, 5, 6, 7, 8, 9, 10, 11, 12, 13, 14]",main,False
ACM,hard,44,Project-and-Concat,32,0.001,0.0,0.43543046712875366,0.42339372634887695,0.4024116709301895,14,1.0992883443832397,0.5462055206298828,62179,"[0, 1, 2, 3, 4, 5, 6, 7, 8, 9, 10, 11, 12, 13, 14]",main,False
ACM,hard,44,Project-and-Concat,32,0.001,0.0001,0.45198675990104675,0.42504119873046875,0.4227964499831309,27,1.0958236455917358,0.052469126880168915,62179,"[0, 1, 2, 3, 4, 5, 6, 7, 8, 9, 10, 11, 12, 13, 14]",main,False
ACM,hard,44,Project-and-Concat,32,0.0003,0.0,0.42880794405937195,0.39868202805519104,0.39491213925309765,65,1.0977346897125244,0.15600819885730743,62179,"[0, 1, 2, 3, 4, 5, 6, 7, 8, 9, 10, 11, 12, 13, 14]",main,False
ACM,hard,44,Project-and-Concat,32,0.0003,0.0001,0.44701987504959106,0.4332784116268158,0.43269531629267294,48,1.0959810018539429,0.3876092731952667,62179,"[0, 1, 2, 3, 4, 5, 6, 7, 8, 9, 10, 11, 12, 13, 14]",main,False
ACM,hard,44,Project-and-Concat,64,0.001,0.0,0.42880794405937195,0.390444815158844,0.348788476524174,12,1.1092888116836548,0.4518219232559204,124099,"[0, 1, 2, 3, 4, 5, 6, 7, 8, 9, 10, 11, 12, 13, 14]",main,False
ACM,hard,44,Project-and-Concat,64,0.001,0.0001,0.42384105920791626,0.4184513986110687,0.4176336260571352,99,1.1038367748260498,0.0002793669409584254,124099,"[0, 1, 2, 3, 4, 5, 6, 7, 8, 9, 10, 11, 12, 13, 14]",main,False
ACM,hard,44,Project-and-Concat,64,0.0003,0.0,0.443708598613739,0.4118616282939911,0.3997264704021756,42,1.0895990133285522,0.20788495242595673,124099,"[0, 1, 2, 3, 4, 5, 6, 7, 8, 9, 10, 11, 12, 13, 14]",main,False
ACM,hard,44,Project-and-Concat,64,0.0003,0.0001,0.4420529901981354,0.4168039560317993,0.410201049916944,49,1.0964516401290894,0.15972080826759338,124099,"[0, 1, 2, 3, 4, 5, 6, 7, 8, 9, 10, 11, 12, 13, 14]",main,False
ACM,hard,44,Project-and-Concat,128,0.001,0.0,0.4420529901981354,0.40362438559532166,0.3774117957481027,6,1.0946991443634033,0.5653912425041199,247939,"[0, 1, 2, 3, 4, 5, 6, 7, 8, 9, 10, 11, 12, 13, 14]",main,False
ACM,hard,44,Project-and-Concat,128,0.001,0.0001,0.4370861053466797,0.4102141559123993,0.39763284097448687,8,1.1106773614883423,0.40231308341026306,247939,"[0, 1, 2, 3, 4, 5, 6, 7, 8, 9, 10, 11, 12, 13, 14]",main,False
ACM,hard,44,Project-and-Concat,128,0.0003,0.0,0.4321191906929016,0.4085667133331299,0.4049138657493749,34,1.0970910787582397,0.18469330668449402,247939,"[0, 1, 2, 3, 4, 5, 6, 7, 8, 9, 10, 11, 12, 13, 14]",main,False
ACM,hard,44,Project-and-Concat,128,0.0003,0.0001,0.4652317762374878,0.40197694301605225,0.4026227467114167,10,1.0957647562026978,0.82054603099823,247939,"[0, 1, 2, 3, 4, 5, 6, 7, 8, 9, 10, 11, 12, 13, 14]",main,True
ACM,hard,44,Gated Fusion,32,0.001,0.0,0.4867549538612366,0.44645798206329346,0.43549172365065364,11,1.1035048961639404,1.0432660579681396,31794,"[0, 1, 2, 3, 4, 5, 6, 7, 8, 9, 10, 11, 12, 13, 14]",main,True
ACM,hard,44,Gated Fusion,32,0.001,0.0001,0.3708609342575073,0.3492586612701416,0.2722543935465284,42,1.1050511598587036,0.7499645948410034,31794,"[0, 1, 2, 3, 4, 5, 6, 7, 8, 9, 10, 11, 12, 13, 14]",main,False
ACM,hard,44,Gated Fusion,32,0.0003,0.0,0.4023178815841675,0.36408567428588867,0.3198233948233948,50,1.0991809368133545,0.9903573989868164,31794,"[0, 1, 2, 3, 4, 5, 6, 7, 8, 9, 10, 11, 12, 13, 14]",main,False
ACM,hard,44,Gated Fusion,32,0.0003,0.0001,0.41059601306915283,0.3855024576187134,0.30543714658547194,34,1.102251648902893,1.0310765504837036,31794,"[0, 1, 2, 3, 4, 5, 6, 7, 8, 9, 10, 11, 12, 13, 14]",main,False
ACM,hard,44,Gated Fusion,64,0.001,0.0,0.42218542098999023,0.40197694301605225,0.3629153539172443,6,1.0987941026687622,1.0483250617980957,63570,"[0, 1, 2, 3, 4, 5, 6, 7, 8, 9, 10, 11, 12, 13, 14]",main,False
ACM,hard,44,Gated Fusion,64,0.001,0.0001,0.42880794405937195,0.3706754446029663,0.3407074837995891,16,1.1043845415115356,0.9459964632987976,63570,"[0, 1, 2, 3, 4, 5, 6, 7, 8, 9, 10, 11, 12, 13, 14]",main,False
ACM,hard,44,Gated Fusion,64,0.0003,0.0,0.3692052960395813,0.35420098900794983,0.30038530264227675,70,1.102421522140503,0.8189713358879089,63570,"[0, 1, 2, 3, 4, 5, 6, 7, 8, 9, 10, 11, 12, 13, 14]",main,False
ACM,hard,44,Gated Fusion,64,0.0003,0.0001,0.38410595059394836,0.35584843158721924,0.33897373316863627,167,1.1027084589004517,0.28983592987060547,63570,"[0, 1, 2, 3, 4, 5, 6, 7, 8, 9, 10, 11, 12, 13, 14]",main,False
ACM,hard,44,Gated Fusion,128,0.001,0.0,0.39403972029685974,0.3920922577381134,0.35540157053996513,15,1.10892915725708,0.8884972929954529,127122,"[0, 1, 2, 3, 4, 5, 6, 7, 8, 9, 10, 11, 12, 13, 14]",main,False
ACM,hard,44,Gated Fusion,128,0.001,0.0001,0.4254966974258423,0.38385501503944397,0.359943876364327,13,1.1027284860610962,0.9168171286582947,127122,"[0, 1, 2, 3, 4, 5, 6, 7, 8, 9, 10, 11, 12, 13, 14]",main,False
ACM,hard,44,Gated Fusion,128,0.0003,0.0,0.4254966974258423,0.390444815158844,0.3220057950790282,25,1.0966815948486328,0.991634726524353,127122,"[0, 1, 2, 3, 4, 5, 6, 7, 8, 9, 10, 11, 12, 13, 14]",main,False
ACM,hard,44,Gated Fusion,128,0.0003,0.0001,0.3907284736633301,0.3476111888885498,0.27221010989186994,49,1.093071699142456,0.8453539609909058,127122,"[0, 1, 2, 3, 4, 5, 6, 7, 8, 9, 10, 11, 12, 13, 14]",main,False
ACM,hard,44,Reliability-Selected Project-and-Mean,32,0.001,0.0,0.7698675394058228,0.7578253746032715,0.7597911534105507,87,1.2144016027450562,0.07266911119222641,10819,"[0, 2, 1, 6, 13]",main,False
ACM,hard,44,Reliability-Selected Project-and-Mean,32,0.001,0.0001,0.7930463552474976,0.7726523876190186,0.775477340082667,53,1.105368971824646,0.14912302792072296,10819,"[0, 2, 1, 6, 13]",main,False
ACM,hard,44,Reliability-Selected Project-and-Mean,32,0.0003,0.0,0.7350993156433105,0.7446457743644714,0.7462616294610335,196,1.0718553066253662,0.12634684145450592,10819,"[0, 2, 1, 6, 13]",main,False
ACM,hard,44,Reliability-Selected Project-and-Mean,32,0.0003,0.0001,0.7930463552474976,0.7858319878578186,0.78644616226679,150,1.1511119604110718,0.14999757707118988,10819,"[0, 2, 1, 6, 13]",main,True
ACM,hard,44,Reliability-Selected Project-and-Mean,64,0.001,0.0,0.7665562629699707,0.747940719127655,0.7502499445954546,53,1.0717929601669312,0.055111583322286606,21635,"[0, 2, 1, 6, 13]",main,False
ACM,hard,44,Reliability-Selected Project-and-Mean,64,0.001,0.0001,0.7599337697029114,0.7611202597618103,0.7639157925584475,96,1.237891435623169,0.026654327288269997,21635,"[0, 2, 1, 6, 13]",main,False
ACM,hard,44,Reliability-Selected Project-and-Mean,64,0.0003,0.0,0.75,0.7248764634132385,0.7283588954715862,82,1.1343069076538086,0.14904329180717468,21635,"[0, 2, 1, 6, 13]",main,False
ACM,hard,44,Reliability-Selected Project-and-Mean,64,0.0003,0.0001,0.7665562629699707,0.7693575024604797,0.7718098559038299,17,1.235714316368103,0.8164750933647156,21635,"[0, 2, 1, 6, 13]",main,False
ACM,hard,44,Reliability-Selected Project-and-Mean,128,0.001,0.0,0.7334437370300293,0.7364085912704468,0.7399133888561522,62,1.094938039779663,0.01322643831372261,43267,"[0, 2, 1, 6, 13]",main,False
ACM,hard,44,Reliability-Selected Project-and-Mean,128,0.001,0.0001,0.7665562629699707,0.7462932467460632,0.7489997377474543,49,1.0716428756713867,0.020353805273771286,43267,"[0, 2, 1, 6, 13]",main,False
ACM,hard,44,Reliability-Selected Project-and-Mean,128,0.0003,0.0,0.7599337697029114,0.7462932467460632,0.7477063512692901,165,1.142124891281128,0.024168431758880615,43267,"[0, 2, 1, 6, 13]",main,False
ACM,hard,44,Reliability-Selected Project-and-Mean,128,0.0003,0.0001,0.7417218685150146,0.7331136465072632,0.7347271836989061,197,1.1021397113800049,0.020492278039455414,43267,"[0, 2, 1, 6, 13]",main,False
ACM,hard,44,Reliability-Selected Gated Fusion,32,0.001,0.0,0.4834437072277069,0.4398682117462158,0.37796720478752954,23,1.0959901809692383,1.0010631084442139,10664,"[0, 2, 1, 6, 13]",main,False
ACM,hard,44,Reliability-Selected Gated Fusion,32,0.001,0.0001,0.45198675990104675,0.42339372634887695,0.37313677978721566,22,1.10222327709198,1.0133165121078491,10664,"[0, 2, 1, 6, 13]",main,False
ACM,hard,44,Reliability-Selected Gated Fusion,32,0.0003,0.0,0.503311276435852,0.4777594804763794,0.46708397826630516,61,1.0963945388793945,1.0109072923660278,10664,"[0, 2, 1, 6, 13]",main,False
ACM,hard,44,Reliability-Selected Gated Fusion,32,0.0003,0.0001,0.5496688485145569,0.5205931067466736,0.41976522161588087,35,1.1038691997528076,1.0597862005233765,10664,"[0, 2, 1, 6, 13]",main,False
ACM,hard,44,Reliability-Selected Gated Fusion,64,0.001,0.0,0.5298013091087341,0.5024711489677429,0.46990438716417365,20,1.0988343954086304,0.9487004280090332,21320,"[0, 2, 1, 6, 13]",main,False
ACM,hard,44,Reliability-Selected Gated Fusion,64,0.001,0.0001,0.4271523058414459,0.4135090708732605,0.4024275095208562,15,1.1011695861816406,0.9962438941001892,21320,"[0, 2, 1, 6, 13]",main,False
ACM,hard,44,Reliability-Selected Gated Fusion,64,0.0003,0.0,0.4205298125743866,0.429983526468277,0.4102408049587109,83,1.109033465385437,0.8899391293525696,21320,"[0, 2, 1, 6, 13]",main,False
ACM,hard,44,Reliability-Selected Gated Fusion,64,0.0003,0.0001,0.5049669146537781,0.4777594804763794,0.4606826415185031,63,1.103935956954956,0.9686639308929443,21320,"[0, 2, 1, 6, 13]",main,False
ACM,hard,44,Reliability-Selected Gated Fusion,128,0.001,0.0,0.5745033025741577,0.5502471327781677,0.4922176720506684,5,1.1006394624710083,1.0572428703308105,42632,"[0, 2, 1, 6, 13]",main,True
ACM,hard,44,Reliability-Selected Gated Fusion,128,0.001,0.0001,0.443708598613739,0.44151565432548523,0.4102794901792815,10,1.1004559993743896,1.0084222555160522,42632,"[0, 2, 1, 6, 13]",main,False
ACM,hard,44,Reliability-Selected Gated Fusion,128,0.0003,0.0,0.4900662302970886,0.4563426673412323,0.4533757961007178,32,1.0975273847579956,1.0013258457183838,42632,"[0, 2, 1, 6, 13]",main,False
ACM,hard,44,Reliability-Selected Gated Fusion,128,0.0003,0.0001,0.4552980065345764,0.44810542464256287,0.42627521554947956,43,1.0926100015640259,0.9388953447341919,42632,"[0, 2, 1, 6, 13]",main,False
ACM,hard,44,Useful-Only Project-and-Mean,32,0.001,0.0,0.8907284736633301,0.8846787214279175,0.8850443219883859,14,1.1174776554107666,0.6745513081550598,6531,"[0, 1, 2]",diagnostic_oracle,False
ACM,hard,44,Useful-Only Project-and-Mean,32,0.001,0.0001,0.8973509669303894,0.8945634365081787,0.8955212925300323,169,1.1678417921066284,0.21769022941589355,6531,"[0, 1, 2]",diagnostic_oracle,False
ACM,hard,44,Useful-Only Project-and-Mean,32,0.0003,0.0,0.889072835445404,0.8797364234924316,0.8803961129526668,120,1.0661239624023438,0.35197946429252625,6531,"[0, 1, 2]",diagnostic_oracle,False
ACM,hard,44,Useful-Only Project-and-Mean,32,0.0003,0.0001,0.8907284736633301,0.8896210789680481,0.89024022430971,127,1.0574676990509033,0.3392016291618347,6531,"[0, 1, 2]",diagnostic_oracle,False
ACM,hard,44,Useful-Only Project-and-Mean,64,0.001,0.0,0.8973509669303894,0.8879736661911011,0.8890738241601843,59,1.126810073852539,0.24116423726081848,13059,"[0, 1, 2]",diagnostic_oracle,False
ACM,hard,44,Useful-Only Project-and-Mean,64,0.001,0.0001,0.8973509669303894,0.8846787214279175,0.8858227746074734,59,1.0787996053695679,0.23809929192066193,13059,"[0, 1, 2]",diagnostic_oracle,False
ACM,hard,44,Useful-Only Project-and-Mean,64,0.0003,0.0,0.8907284736633301,0.8797364234924316,0.8807150899625573,197,1.1655932664871216,0.234117329120636,13059,"[0, 1, 2]",diagnostic_oracle,False
ACM,hard,44,Useful-Only Project-and-Mean,64,0.0003,0.0001,0.887417197227478,0.8879736661911011,0.8890061558190526,188,1.0837321281433105,0.23388735949993134,13059,"[0, 1, 2]",diagnostic_oracle,False
ACM,hard,44,Useful-Only Project-and-Mean,128,0.001,0.0,0.8990066051483154,0.8879736661911011,0.8892222560666058,46,1.0648726224899292,0.21319596469402313,26115,"[0, 1, 2]",diagnostic_oracle,True
ACM,hard,44,Useful-Only Project-and-Mean,128,0.001,0.0001,0.8973509669303894,0.8879736661911011,0.8890738241601843,51,1.1525804996490479,0.21246220171451569,26115,"[0, 1, 2]",diagnostic_oracle,False
ACM,hard,44,Useful-Only Project-and-Mean,128,0.0003,0.0,0.8923841118812561,0.8830313086509705,0.8842156761777287,152,1.1362651586532593,0.21623121201992035,26115,"[0, 1, 2]",diagnostic_oracle,False
ACM,hard,44,Useful-Only Project-and-Mean,128,0.0003,0.0001,0.8907284736633301,0.8813838362693787,0.8824696318368078,147,1.172186255455017,0.2163437008857727,26115,"[0, 1, 2]",diagnostic_oracle,False
ACM,hard,44,Useful-Only Gated Fusion,32,0.001,0.0,0.8526490330696106,0.8566721677780151,0.8585805299789996,199,1.0989168882369995,0.3509393334388733,6438,"[0, 1, 2]",diagnostic_oracle,False
ACM,hard,44,Useful-Only Gated Fusion,32,0.001,0.0001,0.8543046116828918,0.8550246953964233,0.8557790538510334,36,1.100173830986023,0.9895396828651428,6438,"[0, 1, 2]",diagnostic_oracle,False
ACM,hard,44,Useful-Only Gated Fusion,32,0.0003,0.0,0.7384105920791626,0.7248764634132385,0.6930252496275108,197,1.1060682535171509,0.8563717603683472,6438,"[0, 1, 2]",diagnostic_oracle,False
ACM,hard,44,Useful-Only Gated Fusion,32,0.0003,0.0001,0.8195364475250244,0.8023064136505127,0.8004068404271699,79,1.10220205783844,1.0455145835876465,6438,"[0, 1, 2]",diagnostic_oracle,False
ACM,hard,44,Useful-Only Gated Fusion,64,0.001,0.0,0.8360927104949951,0.8434925675392151,0.8451836093957751,153,1.099367380142212,0.3455890715122223,12870,"[0, 1, 2]",diagnostic_oracle,False
ACM,hard,44,Useful-Only Gated Fusion,64,0.001,0.0001,0.8526490330696106,0.8500823974609375,0.851832273733694,191,1.1038281917572021,0.2811376750469208,12870,"[0, 1, 2]",diagnostic_oracle,False
ACM,hard,44,Useful-Only Gated Fusion,64,0.0003,0.0,0.7947019934654236,0.7710049152374268,0.7597734792174831,199,1.0974786281585693,0.7035544514656067,12870,"[0, 1, 2]",diagnostic_oracle,False
ACM,hard,44,Useful-Only Gated Fusion,64,0.0003,0.0001,0.8576158881187439,0.8616145253181458,0.8624483535369567,76,1.1090384721755981,1.0208834409713745,12870,"[0, 1, 2]",diagnostic_oracle,False
ACM,hard,44,Useful-Only Gated Fusion,128,0.001,0.0,0.8245033025741577,0.827018141746521,0.8284462046105482,112,1.1036052703857422,0.368604451417923,25734,"[0, 1, 2]",diagnostic_oracle,True
ACM,hard,44,Useful-Only Gated Fusion,128,0.001,0.0001,0.860927164554596,0.8583195805549622,0.8602896443988497,139,1.0979869365692139,0.27390262484550476,25734,"[0, 1, 2]",diagnostic_oracle,False
ACM,hard,44,Useful-Only Gated Fusion,128,0.0003,0.0,0.8195364475250244,0.7907742857933044,0.7844129028798018,147,1.100426435470581,0.7080119848251343,25734,"[0, 1, 2]",diagnostic_oracle,False
ACM,hard,44,Useful-Only Gated Fusion,128,0.0003,0.0001,0.8112582564353943,0.7874794006347656,0.7800754259551068,140,1.1033480167388916,0.6877792477607727,25734,"[0, 1, 2]",diagnostic_oracle,False
ACM,hard,45,Project-and-Mean,32,0.001,0.0,0.5910596251487732,0.5799011588096619,0.5815901439876582,194,1.1266334056854248,0.012614354491233826,32259,"[0, 1, 2, 3, 4, 5, 6, 7, 8, 9, 10, 11, 12, 13, 14]",main,True
ACM,hard,45,Project-and-Mean,32,0.001,0.0001,0.5728476643562317,0.5436573028564453,0.5438681222637739,139,1.08623206615448,0.014994317665696144,32259,"[0, 1, 2, 3, 4, 5, 6, 7, 8, 9, 10, 11, 12, 13, 14]",main,False
ACM,hard,45,Project-and-Mean,32,0.0003,0.0,0.5678808093070984,0.5535420179367065,0.5563989713319181,165,1.0946019887924194,0.08713416010141373,32259,"[0, 1, 2, 3, 4, 5, 6, 7, 8, 9, 10, 11, 12, 13, 14]",main,False
ACM,hard,45,Project-and-Mean,32,0.0003,0.0001,0.5678808093070984,0.5568369030952454,0.5578996677931483,199,1.1743173599243164,0.07095154374837875,32259,"[0, 1, 2, 3, 4, 5, 6, 7, 8, 9, 10, 11, 12, 13, 14]",main,False
ACM,hard,45,Project-and-Mean,64,0.001,0.0,0.5662251710891724,0.5551894307136536,0.5553103726085561,192,1.0992059707641602,0.003621677402406931,64515,"[0, 1, 2, 3, 4, 5, 6, 7, 8, 9, 10, 11, 12, 13, 14]",main,False
ACM,hard,45,Project-and-Mean,64,0.001,0.0001,0.5711920261383057,0.5584843754768372,0.560310784883903,144,1.0514334440231323,0.005035667680203915,64515,"[0, 1, 2, 3, 4, 5, 6, 7, 8, 9, 10, 11, 12, 13, 14]",main,False
ACM,hard,45,Project-and-Mean,64,0.0003,0.0,0.5397350788116455,0.5090609788894653,0.5099929229091381,197,1.1235648393630981,0.018436627462506294,64515,"[0, 1, 2, 3, 4, 5, 6, 7, 8, 9, 10, 11, 12, 13, 14]",main,False
ACM,hard,45,Project-and-Mean,64,0.0003,0.0001,0.5662251710891724,0.5518945455551147,0.5524687279774488,199,1.0898284912109375,0.016330040991306305,64515,"[0, 1, 2, 3, 4, 5, 6, 7, 8, 9, 10, 11, 12, 13, 14]",main,False
ACM,hard,45,Project-and-Mean,128,0.001,0.0,0.557947039604187,0.5321252346038818,0.5337500098377169,155,1.1012154817581177,0.0014115591766312718,129027,"[0, 1, 2, 3, 4, 5, 6, 7, 8, 9, 10, 11, 12, 13, 14]",main,False
ACM,hard,45,Project-and-Mean,128,0.001,0.0001,0.5745033025741577,0.5667215585708618,0.5698391189471161,191,1.071175217628479,0.0013117282651364803,129027,"[0, 1, 2, 3, 4, 5, 6, 7, 8, 9, 10, 11, 12, 13, 14]",main,False
ACM,hard,45,Project-and-Mean,128,0.0003,0.0,0.5447019934654236,0.5288302898406982,0.5308993046492723,164,1.1368988752365112,0.008863626047968864,129027,"[0, 1, 2, 3, 4, 5, 6, 7, 8, 9, 10, 11, 12, 13, 14]",main,False
ACM,hard,45,Project-and-Mean,128,0.0003,0.0001,0.5082781314849854,0.515650749206543,0.5180783500084623,198,1.1798099279403687,0.00785217247903347,129027,"[0, 1, 2, 3, 4, 5, 6, 7, 8, 9, 10, 11, 12, 13, 14]",main,False
ACM,hard,45,Project-and-Concat,32,0.001,0.0,0.44701987504959106,0.4316309690475464,0.42937671035436265,19,1.0972157716751099,0.3120509088039398,62179,"[0, 1, 2, 3, 4, 5, 6, 7, 8, 9, 10, 11, 12, 13, 14]",main,False
ACM,hard,45,Project-and-Concat,32,0.001,0.0001,0.41059601306915283,0.37891268730163574,0.359314190545088,24,1.0957518815994263,0.14984524250030518,62179,"[0, 1, 2, 3, 4, 5, 6, 7, 8, 9, 10, 11, 12, 13, 14]",main,False
ACM,hard,45,Project-and-Concat,32,0.0003,0.0,0.42218542098999023,0.40527182817459106,0.38758503192240795,62,1.0973409414291382,0.14225083589553833,62179,"[0, 1, 2, 3, 4, 5, 6, 7, 8, 9, 10, 11, 12, 13, 14]",main,False
ACM,hard,45,Project-and-Concat,32,0.0003,0.0001,0.4205298125743866,0.4118616282939911,0.40636186189050166,67,1.1057696342468262,0.1392880082130432,62179,"[0, 1, 2, 3, 4, 5, 6, 7, 8, 9, 10, 11, 12, 13, 14]",main,False
ACM,hard,45,Project-and-Concat,64,0.001,0.0,0.45860928297042847,0.44316309690475464,0.4424172960734767,193,1.1088134050369263,6.206516263773665e-05,124099,"[0, 1, 2, 3, 4, 5, 6, 7, 8, 9, 10, 11, 12, 13, 14]",main,True
ACM,hard,45,Project-and-Concat,64,0.001,0.0001,0.42384105920791626,0.42174628376960754,0.4107377784829202,20,1.0975486040115356,0.041825782507658005,124099,"[0, 1, 2, 3, 4, 5, 6, 7, 8, 9, 10, 11, 12, 13, 14]",main,False
ACM,hard,45,Project-and-Concat,64,0.0003,0.0,0.41721853613853455,0.429983526468277,0.42640425063530846,24,1.11017906665802,0.7002852559089661,124099,"[0, 1, 2, 3, 4, 5, 6, 7, 8, 9, 10, 11, 12, 13, 14]",main,False
ACM,hard,45,Project-and-Concat,64,0.0003,0.0001,0.443708598613739,0.4316309690475464,0.4246404002501563,78,1.0965313911437988,0.023577088490128517,124099,"[0, 1, 2, 3, 4, 5, 6, 7, 8, 9, 10, 11, 12, 13, 14]",main,False
ACM,hard,45,Project-and-Concat,128,0.001,0.0,0.4370861053466797,0.4184513986110687,0.4116687070321519,179,1.0926564931869507,3.24234388244804e-05,247939,"[0, 1, 2, 3, 4, 5, 6, 7, 8, 9, 10, 11, 12, 13, 14]",main,False
ACM,hard,45,Project-and-Concat,128,0.001,0.0001,0.430463582277298,0.4332784116268158,0.4309069059169839,19,1.0963802337646484,0.009425968863070011,247939,"[0, 1, 2, 3, 4, 5, 6, 7, 8, 9, 10, 11, 12, 13, 14]",main,False
ACM,hard,45,Project-and-Concat,128,0.0003,0.0,0.4420529901981354,0.4168039560317993,0.4151107518537613,184,1.0996308326721191,0.0006895217229612172,247939,"[0, 1, 2, 3, 4, 5, 6, 7, 8, 9, 10, 11, 12, 13, 14]",main,False
ACM,hard,45,Project-and-Concat,128,0.0003,0.0001,0.44039735198020935,0.42833608388900757,0.4163103969990643,59,1.0955482721328735,0.015929492190480232,247939,"[0, 1, 2, 3, 4, 5, 6, 7, 8, 9, 10, 11, 12, 13, 14]",main,False
ACM,hard,45,Gated Fusion,32,0.001,0.0,0.3708609342575073,0.35420098900794983,0.22792730032840391,32,1.0959923267364502,0.8319173455238342,31794,"[0, 1, 2, 3, 4, 5, 6, 7, 8, 9, 10, 11, 12, 13, 14]",main,False
ACM,hard,45,Gated Fusion,32,0.001,0.0001,0.374172180891037,0.35420098900794983,0.23317092698301703,40,1.1041436195373535,0.7728508114814758,31794,"[0, 1, 2, 3, 4, 5, 6, 7, 8, 9, 10, 11, 12, 13, 14]",main,False
ACM,hard,45,Gated Fusion,32,0.0003,0.0,0.3973509967327118,0.3855024576187134,0.34110729837657777,79,1.0944279432296753,0.892586350440979,31794,"[0, 1, 2, 3, 4, 5, 6, 7, 8, 9, 10, 11, 12, 13, 14]",main,False
ACM,hard,45,Gated Fusion,32,0.0003,0.0001,0.40066224336624146,0.36079078912734985,0.3482547070528607,93,1.101171612739563,0.7923757433891296,31794,"[0, 1, 2, 3, 4, 5, 6, 7, 8, 9, 10, 11, 12, 13, 14]",main,False
ACM,hard,45,Gated Fusion,64,0.001,0.0,0.40066224336624146,0.38220757246017456,0.305394671243335,18,1.1036953926086426,0.9146692752838135,63570,"[0, 1, 2, 3, 4, 5, 6, 7, 8, 9, 10, 11, 12, 13, 14]",main,False
ACM,hard,45,Gated Fusion,64,0.001,0.0001,0.41059601306915283,0.39703458547592163,0.3895098270853022,13,1.1029363870620728,0.9746280312538147,63570,"[0, 1, 2, 3, 4, 5, 6, 7, 8, 9, 10, 11, 12, 13, 14]",main,False
ACM,hard,45,Gated Fusion,64,0.0003,0.0,0.3973509967327118,0.42668864130973816,0.3744482641541465,27,1.0982084274291992,1.0180556774139404,63570,"[0, 1, 2, 3, 4, 5, 6, 7, 8, 9, 10, 11, 12, 13, 14]",main,False
ACM,hard,45,Gated Fusion,64,0.0003,0.0001,0.3990066349506378,0.38385501503944397,0.2989655463481225,43,1.1019601821899414,0.9599846005439758,63570,"[0, 1, 2, 3, 4, 5, 6, 7, 8, 9, 10, 11, 12, 13, 14]",main,False
ACM,hard,45,Gated Fusion,128,0.001,0.0,0.3807947039604187,0.3690280020236969,0.25235232668566,12,1.1041728258132935,0.9411317706108093,127122,"[0, 1, 2, 3, 4, 5, 6, 7, 8, 9, 10, 11, 12, 13, 14]",main,False
ACM,hard,45,Gated Fusion,128,0.001,0.0001,0.3824503421783447,0.3855024576187134,0.29328552998329244,15,1.0956820249557495,0.849294900894165,127122,"[0, 1, 2, 3, 4, 5, 6, 7, 8, 9, 10, 11, 12, 13, 14]",main,False
ACM,hard,45,Gated Fusion,128,0.0003,0.0,0.41059601306915283,0.4118616282939911,0.31580719475456315,19,1.1011159420013428,1.024433970451355,127122,"[0, 1, 2, 3, 4, 5, 6, 7, 8, 9, 10, 11, 12, 13, 14]",main,False
ACM,hard,45,Gated Fusion,128,0.0003,0.0001,0.46854305267333984,0.4777594804763794,0.3808160268512692,5,1.0997611284255981,1.0812768936157227,127122,"[0, 1, 2, 3, 4, 5, 6, 7, 8, 9, 10, 11, 12, 13, 14]",main,True
ACM,hard,45,Reliability-Selected Project-and-Mean,32,0.001,0.0,0.8013244867324829,0.7594727873802185,0.7605733597580594,91,1.1267296075820923,0.08942236006259918,10819,"[0, 2, 1, 3, 12]",main,True
ACM,hard,45,Reliability-Selected Project-and-Mean,32,0.001,0.0001,0.7698675394058228,0.7166392207145691,0.7173760941603763,117,1.237722635269165,0.06443969160318375,10819,"[0, 2, 1, 3, 12]",main,False
ACM,hard,45,Reliability-Selected Project-and-Mean,32,0.0003,0.0,0.7947019934654236,0.7561779022216797,0.7559069397472485,173,1.0669853687286377,0.13496559858322144,10819,"[0, 2, 1, 3, 12]",main,False
ACM,hard,45,Reliability-Selected Project-and-Mean,32,0.0003,0.0001,0.7831125855445862,0.7561779022216797,0.7577225298768234,123,1.074968695640564,0.21903741359710693,10819,"[0, 2, 1, 3, 12]",main,False
ACM,hard,45,Reliability-Selected Project-and-Mean,64,0.001,0.0,0.7913907170295715,0.7413508892059326,0.7427402953199903,65,1.1338868141174316,0.041743241250514984,21635,"[0, 2, 1, 3, 12]",main,False
ACM,hard,45,Reliability-Selected Project-and-Mean,64,0.001,0.0001,0.7847682237625122,0.7380560040473938,0.7383501600110781,72,1.2193117141723633,0.03831234574317932,21635,"[0, 2, 1, 3, 12]",main,False
ACM,hard,45,Reliability-Selected Project-and-Mean,64,0.0003,0.0,0.7715231776237488,0.7166392207145691,0.7194395553941394,191,1.120919108390808,0.04625823348760605,21635,"[0, 2, 1, 3, 12]",main,False
ACM,hard,45,Reliability-Selected Project-and-Mean,64,0.0003,0.0001,0.7963576316833496,0.7413508892059326,0.7417455846302993,192,1.2029898166656494,0.059537868946790695,21635,"[0, 2, 1, 3, 12]",main,False
ACM,hard,45,Reliability-Selected Project-and-Mean,128,0.001,0.0,0.7632450461387634,0.7084019780158997,0.70915939159132,83,1.1594816446304321,0.01381040271371603,43267,"[0, 2, 1, 3, 12]",main,False
ACM,hard,45,Reliability-Selected Project-and-Mean,128,0.001,0.0001,0.7582781314849854,0.7084019780158997,0.7108494381485294,67,1.111580491065979,0.01382345799356699,43267,"[0, 2, 1, 3, 12]",main,False
ACM,hard,45,Reliability-Selected Project-and-Mean,128,0.0003,0.0,0.7450330853462219,0.6919274926185608,0.6927115552541774,194,1.144108772277832,0.020810771733522415,43267,"[0, 2, 1, 3, 12]",main,False
ACM,hard,45,Reliability-Selected Project-and-Mean,128,0.0003,0.0001,0.7615894079208374,0.7100494503974915,0.7119974028853311,191,1.2707605361938477,0.024175921455025673,43267,"[0, 2, 1, 3, 12]",main,False
ACM,hard,45,Reliability-Selected Gated Fusion,32,0.001,0.0,0.4089404046535492,0.35914331674575806,0.34197928911428627,41,1.1073321104049683,0.8047192096710205,10664,"[0, 2, 1, 3, 12]",main,False
ACM,hard,45,Reliability-Selected Gated Fusion,32,0.001,0.0001,0.4552980065345764,0.42504119873046875,0.424904449960267,20,1.1016736030578613,0.9944127202033997,10664,"[0, 2, 1, 3, 12]",main,False
ACM,hard,45,Reliability-Selected Gated Fusion,32,0.0003,0.0,0.48013246059417725,0.4398682117462158,0.4132392837764514,64,1.09952974319458,0.9904030561447144,10664,"[0, 2, 1, 3, 12]",main,False
ACM,hard,45,Reliability-Selected Gated Fusion,32,0.0003,0.0001,0.4536423981189728,0.44481053948402405,0.38857739143397524,84,1.0996782779693604,0.9357901811599731,10664,"[0, 2, 1, 3, 12]",main,False
ACM,hard,45,Reliability-Selected Gated Fusion,64,0.001,0.0,0.4718542993068695,0.44810542464256287,0.39793983948523187,14,1.0991212129592896,1.0108033418655396,21320,"[0, 2, 1, 3, 12]",main,False
ACM,hard,45,Reliability-Selected Gated Fusion,64,0.001,0.0001,0.44536423683166504,0.39703458547592163,0.34335362600533226,16,1.1032590866088867,0.9799993634223938,21320,"[0, 2, 1, 3, 12]",main,False
ACM,hard,45,Reliability-Selected Gated Fusion,64,0.0003,0.0,0.5248344540596008,0.49258649349212646,0.4980724268998719,61,1.1131677627563477,0.9898049831390381,21320,"[0, 2, 1, 3, 12]",main,False
ACM,hard,45,Reliability-Selected Gated Fusion,64,0.0003,0.0001,0.4718542993068695,0.4365732967853546,0.43702887583095923,36,1.0947147607803345,1.0200289487838745,21320,"[0, 2, 1, 3, 12]",main,False
ACM,hard,45,Reliability-Selected Gated Fusion,128,0.001,0.0,0.48509934544563293,0.4596375524997711,0.4073963422618114,8,1.0911271572113037,1.0179393291473389,42632,"[0, 2, 1, 3, 12]",main,False
ACM,hard,45,Reliability-Selected Gated Fusion,128,0.001,0.0001,0.5480132699012756,0.5387150049209595,0.4497768510477235,5,1.098488211631775,1.052594780921936,42632,"[0, 2, 1, 3, 12]",main,True
ACM,hard,45,Reliability-Selected Gated Fusion,128,0.0003,0.0,0.498344361782074,0.46952223777770996,0.4321374015063673,44,1.1012506484985352,0.9606081247329712,42632,"[0, 2, 1, 3, 12]",main,False
ACM,hard,45,Reliability-Selected Gated Fusion,128,0.0003,0.0001,0.45695364475250244,0.42668864130973816,0.4036792157506895,41,1.1002576351165771,0.9600205421447754,42632,"[0, 2, 1, 3, 12]",main,False
ACM,hard,45,Useful-Only Project-and-Mean,32,0.001,0.0,0.8907284736633301,0.8896210789680481,0.890662090169776,50,1.124387264251709,0.38401880860328674,6531,"[0, 1, 2]",diagnostic_oracle,False
ACM,hard,45,Useful-Only Project-and-Mean,32,0.001,0.0001,0.8907284736633301,0.9011532068252563,0.902415960469028,106,1.1137105226516724,0.23565319180488586,6531,"[0, 1, 2]",diagnostic_oracle,False
ACM,hard,45,Useful-Only Project-and-Mean,32,0.0003,0.0,0.887417197227478,0.8929159641265869,0.8938489171111215,146,1.0771170854568481,0.36278411746025085,6531,"[0, 1, 2]",diagnostic_oracle,False
ACM,hard,45,Useful-Only Project-and-Mean,32,0.0003,0.0001,0.889072835445404,0.8929159641265869,0.8939289535491661,136,1.1172101497650146,0.317165344953537,6531,"[0, 1, 2]",diagnostic_oracle,False
ACM,hard,45,Useful-Only Project-and-Mean,64,0.001,0.0,0.8956953883171082,0.8995057940483093,0.9006239806543318,104,1.117647409439087,0.21380816400051117,13059,"[0, 1, 2]",diagnostic_oracle,True
ACM,hard,45,Useful-Only Project-and-Mean,64,0.001,0.0001,0.8956953883171082,0.8879736661911011,0.8893109924760968,45,1.1349297761917114,0.2558048963546753,13059,"[0, 1, 2]",diagnostic_oracle,False
ACM,hard,45,Useful-Only Project-and-Mean,64,0.0003,0.0,0.8923841118812561,0.8978583216667175,0.8991838364431161,183,1.0433391332626343,0.23399953544139862,13059,"[0, 1, 2]",diagnostic_oracle,False
ACM,hard,45,Useful-Only Project-and-Mean,64,0.0003,0.0001,0.8907284736633301,0.8945634365081787,0.8958387393379051,179,1.2448188066482544,0.23828621208667755,13059,"[0, 1, 2]",diagnostic_oracle,False
ACM,hard,45,Useful-Only Project-and-Mean,128,0.001,0.0,0.8956953883171082,0.8912685513496399,0.8925930839281677,142,1.0782880783081055,0.2003883272409439,26115,"[0, 1, 2]",diagnostic_oracle,False
ACM,hard,45,Useful-Only Project-and-Mean,128,0.001,0.0001,0.8956953883171082,0.8912685513496399,0.8925930839281677,124,1.077273964881897,0.2001681625843048,26115,"[0, 1, 2]",diagnostic_oracle,False
ACM,hard,45,Useful-Only Project-and-Mean,128,0.0003,0.0,0.8940397500991821,0.8962108492851257,0.8974836223527746,156,1.112539291381836,0.21911802887916565,26115,"[0, 1, 2]",diagnostic_oracle,False
ACM,hard,45,Useful-Only Project-and-Mean,128,0.0003,0.0001,0.8923841118812561,0.8912685513496399,0.8921515783802505,74,1.1156187057495117,0.2888658940792084,26115,"[0, 1, 2]",diagnostic_oracle,False
ACM,hard,45,Useful-Only Gated Fusion,32,0.001,0.0,0.8443708419799805,0.8500823974609375,0.8503471979222557,193,1.100408911705017,0.32489752769470215,6438,"[0, 1, 2]",diagnostic_oracle,False
ACM,hard,45,Useful-Only Gated Fusion,32,0.001,0.0001,0.8476821184158325,0.8665568232536316,0.8653895269054471,28,1.1104220151901245,1.04131281375885,6438,"[0, 1, 2]",diagnostic_oracle,False
ACM,hard,45,Useful-Only Gated Fusion,32,0.0003,0.0,0.807947039604187,0.8237232565879822,0.8260834270067151,130,1.111047387123108,0.9954013824462891,6438,"[0, 1, 2]",diagnostic_oracle,False
ACM,hard,45,Useful-Only Gated Fusion,32,0.0003,0.0001,0.8559602499008179,0.8369027972221375,0.837680575091105,196,1.1053379774093628,0.8643903732299805,6438,"[0, 1, 2]",diagnostic_oracle,False
ACM,hard,45,Useful-Only Gated Fusion,64,0.001,0.0,0.8509933948516846,0.8682042956352234,0.8695586761979076,179,1.1015920639038086,0.2822338044643402,12870,"[0, 1, 2]",diagnostic_oracle,True
ACM,hard,45,Useful-Only Gated Fusion,64,0.001,0.0001,0.8658940196037292,0.8813838362693787,0.8817892707775172,197,1.102819561958313,0.26766982674598694,12870,"[0, 1, 2]",diagnostic_oracle,False
ACM,hard,45,Useful-Only Gated Fusion,64,0.0003,0.0,0.746688723564148,0.7710049152374268,0.751196989729371,198,1.1038388013839722,0.6910446286201477,12870,"[0, 1, 2]",diagnostic_oracle,False
ACM,hard,45,Useful-Only Gated Fusion,64,0.0003,0.0001,0.8261589407920837,0.8401976823806763,0.8362866499185876,170,1.104476809501648,0.7869382500648499,12870,"[0, 1, 2]",diagnostic_oracle,False
ACM,hard,45,Useful-Only Gated Fusion,128,0.001,0.0,0.8642383813858032,0.8616145253181458,0.8627191226988025,187,1.101327896118164,0.2780805230140686,25734,"[0, 1, 2]",diagnostic_oracle,False
ACM,hard,45,Useful-Only Gated Fusion,128,0.001,0.0001,0.860927164554596,0.8665568232536316,0.867787446353182,199,1.101976990699768,0.28441086411476135,25734,"[0, 1, 2]",diagnostic_oracle,False
ACM,hard,45,Useful-Only Gated Fusion,128,0.0003,0.0,0.8460264801979065,0.8550246953964233,0.8528746683234555,188,1.0969715118408203,0.5350177884101868,25734,"[0, 1, 2]",diagnostic_oracle,False
ACM,hard,45,Useful-Only Gated Fusion,128,0.0003,0.0001,0.8112582564353943,0.8319604396820068,0.8297749877970655,178,1.094334363937378,0.5646457076072693,25734,"[0, 1, 2]",diagnostic_oracle,False
ACM,hard,46,Project-and-Mean,32,0.001,0.0,0.5794702172279358,0.6177924275398254,0.6179914615658998,148,1.1460481882095337,0.018487337976694107,32259,"[0, 1, 2, 3, 4, 5, 6, 7, 8, 9, 10, 11, 12, 13, 14]",main,False
ACM,hard,46,Project-and-Mean,32,0.001,0.0001,0.5728476643562317,0.6029654145240784,0.6038582195154696,86,1.0681750774383545,0.03698185086250305,32259,"[0, 1, 2, 3, 4, 5, 6, 7, 8, 9, 10, 11, 12, 13, 14]",main,False
ACM,hard,46,Project-and-Mean,32,0.0003,0.0,0.5662251710891724,0.5815485715866089,0.5772827953892027,183,1.0989645719528198,0.06565353274345398,32259,"[0, 1, 2, 3, 4, 5, 6, 7, 8, 9, 10, 11, 12, 13, 14]",main,False
ACM,hard,46,Project-and-Mean,32,0.0003,0.0001,0.5844370722770691,0.607907772064209,0.6117957786330387,194,1.127219557762146,0.058761585503816605,32259,"[0, 1, 2, 3, 4, 5, 6, 7, 8, 9, 10, 11, 12, 13, 14]",main,True
ACM,hard,46,Project-and-Mean,64,0.001,0.0,0.5728476643562317,0.5980230569839478,0.597569868233547,163,1.1324714422225952,0.004629604052752256,64515,"[0, 1, 2, 3, 4, 5, 6, 7, 8, 9, 10, 11, 12, 13, 14]",main,False
ACM,hard,46,Project-and-Mean,64,0.001,0.0001,0.5844370722770691,0.609555184841156,0.6073327235771349,128,1.1216862201690674,0.006490213796496391,64515,"[0, 1, 2, 3, 4, 5, 6, 7, 8, 9, 10, 11, 12, 13, 14]",main,False
ACM,hard,46,Project-and-Mean,64,0.0003,0.0,0.5496688485145569,0.5881384015083313,0.5911192448468503,158,1.0860263109207153,0.024621769785881042,64515,"[0, 1, 2, 3, 4, 5, 6, 7, 8, 9, 10, 11, 12, 13, 14]",main,False
ACM,hard,46,Project-and-Mean,64,0.0003,0.0001,0.5761589407920837,0.6112026572227478,0.6117430565098559,180,1.044165015220642,0.016928359866142273,64515,"[0, 1, 2, 3, 4, 5, 6, 7, 8, 9, 10, 11, 12, 13, 14]",main,False
ACM,hard,46,Project-and-Mean,128,0.001,0.0,0.5496688485145569,0.5963756442070007,0.5966740961544711,126,1.0998480319976807,0.0015568251255899668,129027,"[0, 1, 2, 3, 4, 5, 6, 7, 8, 9, 10, 11, 12, 13, 14]",main,False
ACM,hard,46,Project-and-Mean,128,0.001,0.0001,0.556291401386261,0.5947281718254089,0.59472710453284,110,1.1198406219482422,0.0024505266919732094,129027,"[0, 1, 2, 3, 4, 5, 6, 7, 8, 9, 10, 11, 12, 13, 14]",main,False
ACM,hard,46,Project-and-Mean,128,0.0003,0.0,0.556291401386261,0.6013179421424866,0.6018885462438538,198,1.1779805421829224,0.007151179946959019,129027,"[0, 1, 2, 3, 4, 5, 6, 7, 8, 9, 10, 11, 12, 13, 14]",main,False
ACM,hard,46,Project-and-Mean,128,0.0003,0.0001,0.501655638217926,0.5568369030952454,0.5582709950187744,187,1.138355016708374,0.008088928647339344,129027,"[0, 1, 2, 3, 4, 5, 6, 7, 8, 9, 10, 11, 12, 13, 14]",main,False
ACM,hard,46,Project-and-Concat,32,0.001,0.0,0.41721853613853455,0.4184513986110687,0.41701724263287127,33,1.1064614057540894,0.02299821749329567,62179,"[0, 1, 2, 3, 4, 5, 6, 7, 8, 9, 10, 11, 12, 13, 14]",main,False
ACM,hard,46,Project-and-Concat,32,0.001,0.0001,0.4254966974258423,0.4168039560317993,0.4118855484708235,37,1.095026969909668,0.010458706878125668,62179,"[0, 1, 2, 3, 4, 5, 6, 7, 8, 9, 10, 11, 12, 13, 14]",main,False
ACM,hard,46,Project-and-Concat,32,0.0003,0.0,0.4205298125743866,0.42174628376960754,0.4131628389173822,29,1.0993692874908447,0.7684317231178284,62179,"[0, 1, 2, 3, 4, 5, 6, 7, 8, 9, 10, 11, 12, 13, 14]",main,False
ACM,hard,46,Project-and-Concat,32,0.0003,0.0001,0.43377482891082764,0.4398682117462158,0.4284445718244661,41,1.1026495695114136,0.5061484575271606,62179,"[0, 1, 2, 3, 4, 5, 6, 7, 8, 9, 10, 11, 12, 13, 14]",main,True
ACM,hard,46,Project-and-Concat,64,0.001,0.0,0.430463582277298,0.42174628376960754,0.41001556255858923,10,1.1089763641357422,0.5617890954017639,124099,"[0, 1, 2, 3, 4, 5, 6, 7, 8, 9, 10, 11, 12, 13, 14]",main,False
ACM,hard,46,Project-and-Concat,64,0.001,0.0001,0.41887417435646057,0.4332784116268158,0.43270491805289124,20,1.1027631759643555,0.05553024262189865,124099,"[0, 1, 2, 3, 4, 5, 6, 7, 8, 9, 10, 11, 12, 13, 14]",main,False
ACM,hard,46,Project-and-Concat,64,0.0003,0.0,0.42880794405937195,0.42339372634887695,0.4161857704769501,43,1.1035377979278564,0.2777145206928253,124099,"[0, 1, 2, 3, 4, 5, 6, 7, 8, 9, 10, 11, 12, 13, 14]",main,False
ACM,hard,46,Project-and-Concat,64,0.0003,0.0001,0.41225165128707886,0.4118616282939911,0.40411225757516317,66,1.103990077972412,0.03378356620669365,124099,"[0, 1, 2, 3, 4, 5, 6, 7, 8, 9, 10, 11, 12, 13, 14]",main,False
ACM,hard,46,Project-and-Concat,128,0.001,0.0,0.4321191906929016,0.42833608388900757,0.4289311602086932,19,1.110448956489563,0.012581370770931244,247939,"[0, 1, 2, 3, 4, 5, 6, 7, 8, 9, 10, 11, 12, 13, 14]",main,False
ACM,hard,46,Project-and-Concat,128,0.001,0.0001,0.4205298125743866,0.40032950043678284,0.3996524077885976,9,1.0973533391952515,0.2971287965774536,247939,"[0, 1, 2, 3, 4, 5, 6, 7, 8, 9, 10, 11, 12, 13, 14]",main,False
ACM,hard,46,Project-and-Concat,128,0.0003,0.0,0.42880794405937195,0.42504119873046875,0.4210268417784211,41,1.0964092016220093,0.06427779048681259,247939,"[0, 1, 2, 3, 4, 5, 6, 7, 8, 9, 10, 11, 12, 13, 14]",main,False
ACM,hard,46,Project-and-Concat,128,0.0003,0.0001,0.41887417435646057,0.4382207691669464,0.4338121291567762,32,1.1021558046340942,0.20282624661922455,247939,"[0, 1, 2, 3, 4, 5, 6, 7, 8, 9, 10, 11, 12, 13, 14]",main,False
ACM,hard,46,Gated Fusion,32,0.001,0.0,0.3410595953464508,0.35420098900794983,0.30247344279967003,53,1.1094006299972534,0.612508237361908,31794,"[0, 1, 2, 3, 4, 5, 6, 7, 8, 9, 10, 11, 12, 13, 14]",main,False
ACM,hard,46,Gated Fusion,32,0.001,0.0001,0.3923841118812561,0.33443161845207214,0.33289675470527424,177,1.100769281387329,0.0264340378344059,31794,"[0, 1, 2, 3, 4, 5, 6, 7, 8, 9, 10, 11, 12, 13, 14]",main,False
ACM,hard,46,Gated Fusion,32,0.0003,0.0,0.37251654267311096,0.3294892907142639,0.2622591074258121,65,1.1063621044158936,0.9546875953674316,31794,"[0, 1, 2, 3, 4, 5, 6, 7, 8, 9, 10, 11, 12, 13, 14]",main,False
ACM,hard,46,Gated Fusion,32,0.0003,0.0001,0.36589404940605164,0.38056012988090515,0.3078464084867279,78,1.1106009483337402,0.9249475002288818,31794,"[0, 1, 2, 3, 4, 5, 6, 7, 8, 9, 10, 11, 12, 13, 14]",main,False
ACM,hard,46,Gated Fusion,64,0.001,0.0,0.41225165128707886,0.4102141559123993,0.4048625509921508,14,1.1039704084396362,0.9819633960723877,63570,"[0, 1, 2, 3, 4, 5, 6, 7, 8, 9, 10, 11, 12, 13, 14]",main,True
ACM,hard,46,Gated Fusion,64,0.001,0.0001,0.39403972029685974,0.39703458547592163,0.39572024996598726,18,1.103626012802124,0.9197041392326355,63570,"[0, 1, 2, 3, 4, 5, 6, 7, 8, 9, 10, 11, 12, 13, 14]",main,False
ACM,hard,46,Gated Fusion,64,0.0003,0.0,0.3923841118812561,0.3723228871822357,0.3266455187839967,67,1.0965267419815063,0.852709949016571,63570,"[0, 1, 2, 3, 4, 5, 6, 7, 8, 9, 10, 11, 12, 13, 14]",main,False
ACM,hard,46,Gated Fusion,64,0.0003,0.0001,0.4039735198020935,0.37891268730163574,0.35717129286439886,65,1.0963752269744873,0.8530999422073364,63570,"[0, 1, 2, 3, 4, 5, 6, 7, 8, 9, 10, 11, 12, 13, 14]",main,False
ACM,hard,46,Gated Fusion,128,0.001,0.0,0.38907283544540405,0.350906103849411,0.33301213483549175,26,1.0977802276611328,0.6149789690971375,127122,"[0, 1, 2, 3, 4, 5, 6, 7, 8, 9, 10, 11, 12, 13, 14]",main,False
ACM,hard,46,Gated Fusion,128,0.001,0.0001,0.40066224336624146,0.3855024576187134,0.3196419806858663,13,1.0965862274169922,0.9122213125228882,127122,"[0, 1, 2, 3, 4, 5, 6, 7, 8, 9, 10, 11, 12, 13, 14]",main,False
ACM,hard,46,Gated Fusion,128,0.0003,0.0,0.4039735198020935,0.390444815158844,0.36610179157949857,36,1.0917141437530518,0.9245714545249939,127122,"[0, 1, 2, 3, 4, 5, 6, 7, 8, 9, 10, 11, 12, 13, 14]",main,False
ACM,hard,46,Gated Fusion,128,0.0003,0.0001,0.38907283544540405,0.38220757246017456,0.3706201251201891,46,1.1055580377578735,0.8768723011016846,127122,"[0, 1, 2, 3, 4, 5, 6, 7, 8, 9, 10, 11, 12, 13, 14]",main,False
ACM,hard,46,Reliability-Selected Project-and-Mean,32,0.001,0.0,0.7897350788116455,0.7759472727775574,0.7785009271727352,75,1.1088920831680298,0.08504770696163177,10819,"[0, 2, 1, 9, 5]",main,False
ACM,hard,46,Reliability-Selected Project-and-Mean,32,0.001,0.0001,0.7764900922775269,0.7644151449203491,0.7653683691792779,78,1.045630693435669,0.07204795628786087,10819,"[0, 2, 1, 9, 5]",main,False
ACM,hard,46,Reliability-Selected Project-and-Mean,32,0.0003,0.0,0.7665562629699707,0.7759472727775574,0.7743742232114325,142,1.1179255247116089,0.16373959183692932,10819,"[0, 2, 1, 9, 5]",main,False
ACM,hard,46,Reliability-Selected Project-and-Mean,32,0.0003,0.0001,0.7781456708908081,0.7627677321434021,0.7641063690811066,193,1.1597765684127808,0.11499176174402237,10819,"[0, 2, 1, 9, 5]",main,False
ACM,hard,46,Reliability-Selected Project-and-Mean,64,0.001,0.0,0.7615894079208374,0.7611202597618103,0.7627315019720083,85,1.1551856994628906,0.03271913528442383,21635,"[0, 2, 1, 9, 5]",main,False
ACM,hard,46,Reliability-Selected Project-and-Mean,64,0.001,0.0001,0.751655638217926,0.7578253746032715,0.7594527250459647,62,1.1675796508789062,0.039910074323415756,21635,"[0, 2, 1, 9, 5]",main,False
ACM,hard,46,Reliability-Selected Project-and-Mean,64,0.0003,0.0,0.7798013091087341,0.7792421579360962,0.7811388664787083,156,1.204271912574768,0.06599423289299011,21635,"[0, 2, 1, 9, 5]",main,False
ACM,hard,46,Reliability-Selected Project-and-Mean,64,0.0003,0.0001,0.7913907170295715,0.7742998600006104,0.7763081589619905,178,1.1629329919815063,0.05316901206970215,21635,"[0, 2, 1, 9, 5]",main,True
ACM,hard,46,Reliability-Selected Project-and-Mean,128,0.001,0.0,0.7400662302970886,0.7594727873802185,0.7614017304739217,77,1.1862075328826904,0.013063061982393265,43267,"[0, 2, 1, 9, 5]",main,False
ACM,hard,46,Reliability-Selected Project-and-Mean,128,0.001,0.0001,0.751655638217926,0.7578253746032715,0.7597561661685096,64,1.1486537456512451,0.014750250615179539,43267,"[0, 2, 1, 9, 5]",main,False
ACM,hard,46,Reliability-Selected Project-and-Mean,128,0.0003,0.0,0.753311276435852,0.7512356042861938,0.7536045494989887,125,1.1288442611694336,0.040845006704330444,43267,"[0, 2, 1, 9, 5]",main,False
ACM,hard,46,Reliability-Selected Project-and-Mean,128,0.0003,0.0001,0.7615894079208374,0.7644151449203491,0.7662705002077924,160,1.0723700523376465,0.0247418861836195,43267,"[0, 2, 1, 9, 5]",main,False
ACM,hard,46,Reliability-Selected Gated Fusion,32,0.001,0.0,0.4817880690097809,0.4546952247619629,0.36370463078848564,13,1.0997236967086792,1.0334209203720093,10664,"[0, 2, 1, 9, 5]",main,False
ACM,hard,46,Reliability-Selected Gated Fusion,32,0.001,0.0001,0.46192052960395813,0.4777594804763794,0.4787285302059437,32,1.1007790565490723,0.9304440021514893,10664,"[0, 2, 1, 9, 5]",main,False
ACM,hard,46,Reliability-Selected Gated Fusion,32,0.0003,0.0,0.4768211841583252,0.48764416575431824,0.4747998821238286,87,1.1089887619018555,0.9515236616134644,10664,"[0, 2, 1, 9, 5]",main,False
ACM,hard,46,Reliability-Selected Gated Fusion,32,0.0003,0.0001,0.5662251710891724,0.5848435163497925,0.5799251126237629,73,1.108006238937378,0.9960264563560486,10664,"[0, 2, 1, 9, 5]",main,True
ACM,hard,46,Reliability-Selected Gated Fusion,64,0.001,0.0,0.4950331151485443,0.5255354046821594,0.5095472201887203,17,1.1022355556488037,1.0026190280914307,21320,"[0, 2, 1, 9, 5]",main,False
ACM,hard,46,Reliability-Selected Gated Fusion,64,0.001,0.0001,0.48509934544563293,0.4975288212299347,0.4826049883532109,22,1.09748375415802,0.9354571104049683,21320,"[0, 2, 1, 9, 5]",main,False
ACM,hard,46,Reliability-Selected Gated Fusion,64,0.0003,0.0,0.5165562629699707,0.4942339360713959,0.4386920203359351,31,1.1009002923965454,1.0307453870773315,21320,"[0, 2, 1, 9, 5]",main,False
ACM,hard,46,Reliability-Selected Gated Fusion,64,0.0003,0.0001,0.4718542993068695,0.4827018082141876,0.47593370982576483,70,1.099981665611267,0.9211105704307556,21320,"[0, 2, 1, 9, 5]",main,False
ACM,hard,46,Reliability-Selected Gated Fusion,128,0.001,0.0,0.5198675394058228,0.5420098900794983,0.5065085827121508,7,1.0989892482757568,1.0240763425827026,42632,"[0, 2, 1, 9, 5]",main,False
ACM,hard,46,Reliability-Selected Gated Fusion,128,0.001,0.0001,0.4900662302970886,0.48764416575431824,0.493143127195452,13,1.1004962921142578,0.9736574292182922,42632,"[0, 2, 1, 9, 5]",main,False
ACM,hard,46,Reliability-Selected Gated Fusion,128,0.0003,0.0,0.501655638217926,0.5403624176979065,0.5090634991909974,36,1.100866436958313,0.9907528758049011,42632,"[0, 2, 1, 9, 5]",main,False
ACM,hard,46,Reliability-Selected Gated Fusion,128,0.0003,0.0001,0.4701986610889435,0.4958813786506653,0.47935391362861474,46,1.1047855615615845,0.9507455825805664,42632,"[0, 2, 1, 9, 5]",main,False
ACM,hard,46,Useful-Only Project-and-Mean,32,0.001,0.0,0.8923841118812561,0.9143328070640564,0.9149368726404944,189,1.116782307624817,0.23050472140312195,6531,"[0, 1, 2]",diagnostic_oracle,False
ACM,hard,46,Useful-Only Project-and-Mean,32,0.001,0.0001,0.9056291580200195,0.9159802198410034,0.9165018310653542,106,1.1315646171569824,0.26306986808776855,6531,"[0, 1, 2]",diagnostic_oracle,False
ACM,hard,46,Useful-Only Project-and-Mean,32,0.0003,0.0,0.9139072895050049,0.8978583216667175,0.8981609649990112,187,1.1847864389419556,0.311899870634079,6531,"[0, 1, 2]",diagnostic_oracle,True
ACM,hard,46,Useful-Only Project-and-Mean,32,0.0003,0.0001,0.8923841118812561,0.8962108492851257,0.8965468056602384,193,1.2107475996017456,0.3057650625705719,6531,"[0, 1, 2]",diagnostic_oracle,False
ACM,hard,46,Useful-Only Project-and-Mean,64,0.001,0.0,0.8990066051483154,0.8879736661911011,0.8885194118171539,9,1.0555965900421143,0.743539035320282,13059,"[0, 1, 2]",diagnostic_oracle,False
ACM,hard,46,Useful-Only Project-and-Mean,64,0.001,0.0001,0.9023178815841675,0.907742977142334,0.9083021878196499,87,1.235273003578186,0.23614385724067688,13059,"[0, 1, 2]",diagnostic_oracle,False
ACM,hard,46,Useful-Only Project-and-Mean,64,0.0003,0.0,0.8990066051483154,0.8995057940483093,0.900177506392018,191,1.1123712062835693,0.2531888484954834,13059,"[0, 1, 2]",diagnostic_oracle,False
ACM,hard,46,Useful-Only Project-and-Mean,64,0.0003,0.0001,0.8973509669303894,0.8995057940483093,0.9002363904980272,125,1.127031683921814,0.2781928777694702,13059,"[0, 1, 2]",diagnostic_oracle,False
ACM,hard,46,Useful-Only Project-and-Mean,128,0.001,0.0,0.9039735198020935,0.9093904495239258,0.9099532258443866,58,1.135851502418518,0.2281678020954132,26115,"[0, 1, 2]",diagnostic_oracle,False
ACM,hard,46,Useful-Only Project-and-Mean,128,0.001,0.0001,0.9006622433662415,0.8962108492851257,0.896937759618401,27,1.1574548482894897,0.3151094317436218,26115,"[0, 1, 2]",diagnostic_oracle,False
ACM,hard,46,Useful-Only Project-and-Mean,128,0.0003,0.0,0.8990066051483154,0.9028006792068481,0.9034591092750149,99,1.1506731510162354,0.27091455459594727,26115,"[0, 1, 2]",diagnostic_oracle,False
ACM,hard,46,Useful-Only Project-and-Mean,128,0.0003,0.0001,0.8940397500991821,0.9028006792068481,0.9034985093868343,191,1.1442142724990845,0.2238178700208664,26115,"[0, 1, 2]",diagnostic_oracle,False
ACM,hard,46,Useful-Only Gated Fusion,32,0.001,0.0,0.8576158881187439,0.8583195805549622,0.8599719918619814,160,1.1006627082824707,0.440896600484848,6438,"[0, 1, 2]",diagnostic_oracle,False
ACM,hard,46,Useful-Only Gated Fusion,32,0.001,0.0001,0.8476821184158325,0.8583195805549622,0.8605241291824101,178,1.1062978506088257,0.3832303583621979,6438,"[0, 1, 2]",diagnostic_oracle,False
ACM,hard,46,Useful-Only Gated Fusion,32,0.0003,0.0,0.6870861053466797,0.6836903095245361,0.5992420734626632,195,1.0981334447860718,0.8753985166549683,6438,"[0, 1, 2]",diagnostic_oracle,True
ACM,hard,46,Useful-Only Gated Fusion,32,0.0003,0.0001,0.8940397500991821,0.8846787214279175,0.8855359050502601,124,1.1056644916534424,0.9869459271430969,6438,"[0, 1, 2]",diagnostic_oracle,False
ACM,hard,46,Useful-Only Gated Fusion,64,0.001,0.0,0.8526490330696106,0.8632619380950928,0.8639361566105439,165,1.1001635789871216,0.34230124950408936,12870,"[0, 1, 2]",diagnostic_oracle,False
ACM,hard,46,Useful-Only Gated Fusion,64,0.001,0.0001,0.8509933948516846,0.8583195805549622,0.8601453868868455,159,1.1021552085876465,0.3489815592765808,12870,"[0, 1, 2]",diagnostic_oracle,False
ACM,hard,46,Useful-Only Gated Fusion,64,0.0003,0.0,0.7930463552474976,0.8187808990478516,0.8120321046038903,198,1.0966064929962158,0.7213777303695679,12870,"[0, 1, 2]",diagnostic_oracle,False
ACM,hard,46,Useful-Only Gated Fusion,64,0.0003,0.0001,0.8807947039604187,0.8830313086509705,0.8848806964125858,79,1.1056534051895142,1.0205764770507812,12870,"[0, 1, 2]",diagnostic_oracle,False
ACM,hard,46,Useful-Only Gated Fusion,128,0.001,0.0,0.8576158881187439,0.8665568232536316,0.8672429006888674,185,1.0999871492385864,0.28484249114990234,25734,"[0, 1, 2]",diagnostic_oracle,False
ACM,hard,46,Useful-Only Gated Fusion,128,0.001,0.0001,0.8476821184158325,0.8632619380950928,0.8603672471497599,18,1.1080342531204224,1.0216912031173706,25734,"[0, 1, 2]",diagnostic_oracle,False
ACM,hard,46,Useful-Only Gated Fusion,128,0.0003,0.0,0.8327814340591431,0.8500823974609375,0.8465911046641786,194,1.0978057384490967,0.5557173490524292,25734,"[0, 1, 2]",diagnostic_oracle,False
ACM,hard,46,Useful-Only Gated Fusion,128,0.0003,0.0001,0.8410596251487732,0.8500823974609375,0.8524942114364431,12,1.0973988771438599,1.079385757446289,25734,"[0, 1, 2]",diagnostic_oracle,False
