dataset,setting,seed,party,max_logit_diff,max_probability_diff,val_prediction_disagreement_count,test_prediction_disagreement_count,val_metric_diff,test_metric_diff,status
ACM,hard,42,0,UNAVAILABLE_CACHE_HAS_NO_LOGITS,0.9997244477272034,406,380,0.46854305267333984,0.44316309690475464,MISMATCH
ACM,hard,42,1,UNAVAILABLE_CACHE_HAS_NO_LOGITS,0.996837317943573,412,406,0.34768208861351013,0.3509060740470886,MISMATCH
ACM,hard,42,2,UNAVAILABLE_CACHE_HAS_NO_LOGITS,0.9523687362670898,253,262,0.05960267782211304,0.08401978015899658,MISMATCH
ACM,hard,42,3,UNAVAILABLE_CACHE_HAS_NO_LOGITS,0.9999606013298035,421,409,0.003311246633529663,0.016474485397338867,MISMATCH
ACM,hard,42,4,UNAVAILABLE_CACHE_HAS_NO_LOGITS,0.9998694658279419,401,407,0.044701993465423584,0.006589770317077637,MISMATCH
ACM,hard,42,5,UNAVAILABLE_CACHE_HAS_NO_LOGITS,0.9999344348907471,393,379,0.0049668848514556885,0.06260296702384949,MISMATCH
ACM,hard,42,6,UNAVAILABLE_CACHE_HAS_NO_LOGITS,0.9992753267288208,407,397,0.4503311514854431,0.4200988709926605,MISMATCH
ACM,hard,42,7,UNAVAILABLE_CACHE_HAS_NO_LOGITS,1.0,383,424,0.009933769702911377,0.023064255714416504,MISMATCH
ACM,hard,42,8,UNAVAILABLE_CACHE_HAS_NO_LOGITS,0.9996730089187622,421,388,0.46854308247566223,0.44151565432548523,MISMATCH
ACM,hard,42,9,UNAVAILABLE_CACHE_HAS_NO_LOGITS,0.999830424785614,393,419,0.0033112764358520508,0.009884685277938843,MISMATCH
ACM,hard,42,10,UNAVAILABLE_CACHE_HAS_NO_LOGITS,0.9999657869338989,410,418,0.0049668848514556885,0.01647445559501648,MISMATCH
ACM,hard,42,11,UNAVAILABLE_CACHE_HAS_NO_LOGITS,0.9999967813491821,389,415,0.01655629277229309,0.06095552444458008,MISMATCH
ACM,hard,42,12,UNAVAILABLE_CACHE_HAS_NO_LOGITS,0.9999942779541016,398,405,0.028145670890808105,0.024711698293685913,MISMATCH
ACM,hard,42,13,UNAVAILABLE_CACHE_HAS_NO_LOGITS,0.9999935626983643,391,406,0.006622523069381714,0.013179570436477661,MISMATCH
ACM,hard,42,14,UNAVAILABLE_CACHE_HAS_NO_LOGITS,0.999998152256012,420,404,0.01324501633644104,0.01647445559501648,MISMATCH
ACM,hard,43,0,UNAVAILABLE_CACHE_HAS_NO_LOGITS,0.9999959468841553,387,383,0.5149006545543671,0.4316309690475464,MISMATCH
ACM,hard,43,1,UNAVAILABLE_CACHE_HAS_NO_LOGITS,0.9971868395805359,427,406,0.3791390359401703,0.34102141857147217,MISMATCH
ACM,hard,43,2,UNAVAILABLE_CACHE_HAS_NO_LOGITS,0.9988019466400146,402,401,0.4271523058414459,0.40362435579299927,MISMATCH
ACM,hard,43,3,UNAVAILABLE_CACHE_HAS_NO_LOGITS,0.9999937415122986,393,392,0.019867539405822754,0.023064255714416504,MISMATCH
ACM,hard,43,4,UNAVAILABLE_CACHE_HAS_NO_LOGITS,0.9999973773956299,400,401,0.05132448673248291,0.0016474425792694092,MISMATCH
ACM,hard,43,5,UNAVAILABLE_CACHE_HAS_NO_LOGITS,0.9998810291290283,437,414,0.013245046138763428,0.018121927976608276,MISMATCH
ACM,hard,43,6,UNAVAILABLE_CACHE_HAS_NO_LOGITS,0.9999940991401672,397,395,0.0,0.01812189817428589,MISMATCH
ACM,hard,43,7,UNAVAILABLE_CACHE_HAS_NO_LOGITS,0.9916731715202332,383,389,0.3526490032672882,0.31466227769851685,MISMATCH
ACM,hard,43,8,UNAVAILABLE_CACHE_HAS_NO_LOGITS,0.9999642968177795,401,403,0.02980133891105652,0.04118615388870239,MISMATCH
ACM,hard,43,9,UNAVAILABLE_CACHE_HAS_NO_LOGITS,0.9999997019767761,390,411,0.03807947039604187,0.037891268730163574,MISMATCH
ACM,hard,43,10,UNAVAILABLE_CACHE_HAS_NO_LOGITS,0.9999796152114868,413,410,0.003311246633529663,0.02965402603149414,MISMATCH
ACM,hard,43,11,UNAVAILABLE_CACHE_HAS_NO_LOGITS,0.999793291091919,388,419,0.511589378118515,0.4810543656349182,MISMATCH
ACM,hard,43,12,UNAVAILABLE_CACHE_HAS_NO_LOGITS,0.9989740252494812,411,410,0.5860927104949951,0.5189456641674042,MISMATCH
ACM,hard,43,13,UNAVAILABLE_CACHE_HAS_NO_LOGITS,0.9999876022338867,407,422,0.0033112764358520508,0.023064255714416504,MISMATCH
ACM,hard,43,14,UNAVAILABLE_CACHE_HAS_NO_LOGITS,0.9999237060546875,407,400,0.023178786039352417,0.009884685277938843,MISMATCH
ACM,hard,44,0,UNAVAILABLE_CACHE_HAS_NO_LOGITS,0.9993548393249512,400,388,0.4999999701976776,0.47281715273857117,MISMATCH
ACM,hard,44,1,UNAVAILABLE_CACHE_HAS_NO_LOGITS,0.994537353515625,388,408,0.3410595953464508,0.3426688313484192,MISMATCH
ACM,hard,44,2,UNAVAILABLE_CACHE_HAS_NO_LOGITS,0.9997907876968384,393,408,0.4155629277229309,0.42504116892814636,MISMATCH
ACM,hard,44,3,UNAVAILABLE_CACHE_HAS_NO_LOGITS,0.9999855160713196,408,417,0.019867539405822754,0.01482701301574707,MISMATCH
ACM,hard,44,4,UNAVAILABLE_CACHE_HAS_NO_LOGITS,1.0,393,404,0.0033112764358520508,0.05601316690444946,MISMATCH
ACM,hard,44,5,UNAVAILABLE_CACHE_HAS_NO_LOGITS,0.6791349649429321,383,404,0.014900654554367065,0.023064255714416504,MISMATCH
ACM,hard,44,6,UNAVAILABLE_CACHE_HAS_NO_LOGITS,0.999995768070221,395,396,0.039735108613967896,0.0016474425792694092,MISMATCH
ACM,hard,44,7,UNAVAILABLE_CACHE_HAS_NO_LOGITS,0.9999285936355591,387,407,0.03807947039604187,0.021416813135147095,MISMATCH
ACM,hard,44,8,UNAVAILABLE_CACHE_HAS_NO_LOGITS,0.9999917149543762,193,202,0.024834424257278442,0.011532127857208252,MISMATCH
ACM,hard,44,9,UNAVAILABLE_CACHE_HAS_NO_LOGITS,1.0,223,206,0.00827816128730774,0.023064255714416504,MISMATCH
ACM,hard,44,10,UNAVAILABLE_CACHE_HAS_NO_LOGITS,0.9994761347770691,411,399,0.44039735198020935,0.392092227935791,MISMATCH
ACM,hard,44,11,UNAVAILABLE_CACHE_HAS_NO_LOGITS,0.9999079704284668,387,415,0.48509934544563293,0.522240549325943,MISMATCH
ACM,hard,44,12,UNAVAILABLE_CACHE_HAS_NO_LOGITS,0.9999749064445496,401,416,0.023178815841674805,0.009884685277938843,MISMATCH
ACM,hard,44,13,UNAVAILABLE_CACHE_HAS_NO_LOGITS,0.9999501705169678,401,387,0.01655629277229309,0.0032948851585388184,MISMATCH
ACM,hard,44,14,UNAVAILABLE_CACHE_HAS_NO_LOGITS,1.0,397,395,0.008278131484985352,0.008237242698669434,MISMATCH
ACM,hard,45,0,UNAVAILABLE_CACHE_HAS_NO_LOGITS,0.9993773698806763,392,402,0.4817880690097809,0.48270177841186523,MISMATCH
ACM,hard,45,1,UNAVAILABLE_CACHE_HAS_NO_LOGITS,0.9943320155143738,423,391,0.4039735198020935,0.3228995203971863,MISMATCH
ACM,hard,45,2,UNAVAILABLE_CACHE_HAS_NO_LOGITS,0.9996670484542847,408,405,0.4155628979206085,0.42009881138801575,MISMATCH
ACM,hard,45,3,UNAVAILABLE_CACHE_HAS_NO_LOGITS,0.9999987483024597,408,398,0.04139071702957153,0.006589800119400024,MISMATCH
ACM,hard,45,4,UNAVAILABLE_CACHE_HAS_NO_LOGITS,0.9997329115867615,413,417,0.4188741445541382,0.40197697281837463,MISMATCH
ACM,hard,45,5,UNAVAILABLE_CACHE_HAS_NO_LOGITS,0.6791303157806396,386,389,0.009933769702911377,0.009884685277938843,MISMATCH
ACM,hard,45,6,UNAVAILABLE_CACHE_HAS_NO_LOGITS,0.999899685382843,420,388,0.013245046138763428,0.02800658345222473,MISMATCH
ACM,hard,45,7,UNAVAILABLE_CACHE_HAS_NO_LOGITS,0.999930739402771,406,425,0.00827816128730774,0.018121927976608276,MISMATCH
ACM,hard,45,8,UNAVAILABLE_CACHE_HAS_NO_LOGITS,0.9997721314430237,395,408,0.47516557574272156,0.48929157853126526,MISMATCH
ACM,hard,45,9,UNAVAILABLE_CACHE_HAS_NO_LOGITS,1.0,209,173,0.01655629277229309,0.037891268730163574,MISMATCH
ACM,hard,45,10,UNAVAILABLE_CACHE_HAS_NO_LOGITS,0.9999687671661377,388,402,0.03476822376251221,0.0016474425792694092,MISMATCH
ACM,hard,45,11,UNAVAILABLE_CACHE_HAS_NO_LOGITS,0.9999998807907104,387,409,0.006622523069381714,0.0016474425792694092,MISMATCH
ACM,hard,45,12,UNAVAILABLE_CACHE_HAS_NO_LOGITS,0.9998708367347717,400,390,0.019867539405822754,0.021416813135147095,MISMATCH
ACM,hard,45,13,UNAVAILABLE_CACHE_HAS_NO_LOGITS,0.999965488910675,387,427,0.014900654554367065,0.021416813135147095,MISMATCH
ACM,hard,45,14,UNAVAILABLE_CACHE_HAS_NO_LOGITS,0.9999932050704956,394,385,0.02980130910873413,0.0444810688495636,MISMATCH
ACM,hard,46,0,UNAVAILABLE_CACHE_HAS_NO_LOGITS,0.999975323677063,397,405,0.49668872356414795,0.5123558640480042,MISMATCH
ACM,hard,46,1,UNAVAILABLE_CACHE_HAS_NO_LOGITS,0.9873557686805725,395,388,0.3245033025741577,0.3261944055557251,MISMATCH
ACM,hard,46,2,UNAVAILABLE_CACHE_HAS_NO_LOGITS,0.98757404088974,190,188,0.02483445405960083,0.03130149841308594,MISMATCH
ACM,hard,46,3,UNAVAILABLE_CACHE_HAS_NO_LOGITS,0.9999591112136841,406,388,0.06291389465332031,0.01647445559501648,MISMATCH
ACM,hard,46,4,UNAVAILABLE_CACHE_HAS_NO_LOGITS,0.9870998859405518,399,401,0.3410596251487732,0.35255351662635803,MISMATCH
ACM,hard,46,5,UNAVAILABLE_CACHE_HAS_NO_LOGITS,1.0,410,396,0.014900654554367065,0.024711698293685913,MISMATCH
ACM,hard,46,6,UNAVAILABLE_CACHE_HAS_NO_LOGITS,0.9999659061431885,409,406,0.0049668848514556885,0.0032948851585388184,MISMATCH
ACM,hard,46,7,UNAVAILABLE_CACHE_HAS_NO_LOGITS,0.9999299049377441,413,398,0.028145670890808105,0.011532127857208252,MISMATCH
ACM,hard,46,8,UNAVAILABLE_CACHE_HAS_NO_LOGITS,0.9999414682388306,418,407,0.46192049980163574,0.4596375823020935,MISMATCH
ACM,hard,46,9,UNAVAILABLE_CACHE_HAS_NO_LOGITS,0.9999942779541016,382,389,0.056291401386260986,0.013179600238800049,MISMATCH
ACM,hard,46,10,UNAVAILABLE_CACHE_HAS_NO_LOGITS,0.9999995827674866,411,401,0.0016556382179260254,0.03130149841308594,MISMATCH
ACM,hard,46,11,UNAVAILABLE_CACHE_HAS_NO_LOGITS,0.9999995231628418,397,401,0.006622523069381714,0.009884655475616455,MISMATCH
ACM,hard,46,12,UNAVAILABLE_CACHE_HAS_NO_LOGITS,0.9999819993972778,402,400,0.009933799505233765,0.036243826150894165,MISMATCH
ACM,hard,46,13,UNAVAILABLE_CACHE_HAS_NO_LOGITS,0.9998735189437866,398,403,0.03807947039604187,0.02965402603149414,MISMATCH
ACM,hard,46,14,UNAVAILABLE_CACHE_HAS_NO_LOGITS,0.9999712705612183,408,386,0.0016556382179260254,0.04283362627029419,MISMATCH
