dataset,setting,seed,method,party,d_ref,hidden_mean,hidden_std,hidden_l2_mean,hidden_l2_std,projected_l2_mean,projected_l2_std
ACM,hard,42,raw_hidden,0,N/A,0.11053860187530518,0.09407418966293335,1.1576143503189087,0.09125854820013046,N/A,N/A
ACM,hard,42,raw_hidden,1,N/A,0.05145268887281418,0.053225334733724594,0.5913581252098083,0.03218277543783188,N/A,N/A
ACM,hard,42,raw_hidden,2,N/A,0.10172266513109207,0.11994217336177826,1.256570816040039,0.06310076266527176,N/A,N/A
ACM,hard,42,raw_hidden,3,N/A,0.18235044181346893,0.19823290407657623,1.9060953855514526,1.0049231052398682,N/A,N/A
ACM,hard,42,raw_hidden,4,N/A,0.21057799458503723,0.21646170318126678,2.144782304763794,1.1120386123657227,N/A,N/A
ACM,hard,42,raw_hidden,5,N/A,0.19074787199497223,0.22377443313598633,2.0747108459472656,1.1086022853851318,N/A,N/A
ACM,hard,42,raw_hidden,6,N/A,0.19072629511356354,0.2141115963459015,2.0284345149993896,1.0712391138076782,N/A,N/A
ACM,hard,42,raw_hidden,7,N/A,0.19715142250061035,0.22721263766288757,2.087153434753418,1.198091983795166,N/A,N/A
ACM,hard,42,raw_hidden,8,N/A,0.2012932449579239,0.22720929980278015,2.1498875617980957,1.129219889640808,N/A,N/A
ACM,hard,42,raw_hidden,9,N/A,0.18541504442691803,0.2062201052904129,1.971636414527893,1.0171529054641724,N/A,N/A
ACM,hard,42,raw_hidden,10,N/A,0.1963612139225006,0.218169704079628,2.118861436843872,1.0121233463287354,N/A,N/A
ACM,hard,42,raw_hidden,11,N/A,0.22231382131576538,0.2591232657432556,2.44071626663208,1.2260816097259521,N/A,N/A
ACM,hard,42,raw_hidden,12,N/A,0.18263114988803864,0.2026214897632599,1.9752840995788574,0.9276136159896851,N/A,N/A
ACM,hard,42,raw_hidden,13,N/A,0.1891472488641739,0.2166517972946167,2.0363497734069824,1.0709904432296753,N/A,N/A
ACM,hard,42,raw_hidden,14,N/A,0.19829735159873962,0.22367969155311584,2.1196155548095703,1.107210397720337,N/A,N/A
ACM,hard,42,Project-and-Mean,0,32,0.11053860187530518,0.09407418966293335,1.1576143503189087,0.09125854820013046,0.1730099767446518,0.08283047378063202
ACM,hard,42,Project-and-Mean,1,32,0.05145268887281418,0.053225334733724594,0.5913581252098083,0.03218277543783188,0.2977619469165802,0.05377306416630745
ACM,hard,42,Project-and-Mean,2,32,0.10172266513109207,0.11994217336177826,1.256570816040039,0.06310076266527176,0.13074307143688202,0.07662227004766464
ACM,hard,42,Project-and-Mean,3,32,0.18235044181346893,0.19823290407657623,1.9060953855514526,1.0049231052398682,0.5889545679092407,0.40261074900627136
ACM,hard,42,Project-and-Mean,4,32,0.21057799458503723,0.21646170318126678,2.144782304763794,1.1120386123657227,0.6178411245346069,0.48652777075767517
ACM,hard,42,Project-and-Mean,5,32,0.19074787199497223,0.22377443313598633,2.0747108459472656,1.1086022853851318,0.6814618706703186,0.4902264177799225
ACM,hard,42,Project-and-Mean,6,32,0.19072629511356354,0.2141115963459015,2.0284345149993896,1.0712391138076782,0.5177221894264221,0.40075159072875977
ACM,hard,42,Project-and-Mean,7,32,0.19715142250061035,0.22721263766288757,2.087153434753418,1.198091983795166,0.6161353588104248,0.48704785108566284
ACM,hard,42,Project-and-Mean,8,32,0.2012932449579239,0.22720929980278015,2.1498875617980957,1.129219889640808,0.6714979410171509,0.44312557578086853
ACM,hard,42,Project-and-Mean,9,32,0.18541504442691803,0.2062201052904129,1.971636414527893,1.0171529054641724,0.6521778702735901,0.4626157879829407
ACM,hard,42,Project-and-Mean,10,32,0.1963612139225006,0.218169704079628,2.118861436843872,1.0121233463287354,0.5664187073707581,0.41155776381492615
ACM,hard,42,Project-and-Mean,11,32,0.22231382131576538,0.2591232657432556,2.44071626663208,1.2260816097259521,0.6680238842964172,0.5239925384521484
ACM,hard,42,Project-and-Mean,12,32,0.18263114988803864,0.2026214897632599,1.9752840995788574,0.9276136159896851,0.6821351051330566,0.44197720289230347
ACM,hard,42,Project-and-Mean,13,32,0.1891472488641739,0.2166517972946167,2.0363497734069824,1.0709904432296753,0.6090332269668579,0.4636007845401764
ACM,hard,42,Project-and-Mean,14,32,0.19829735159873962,0.22367969155311584,2.1196155548095703,1.107210397720337,0.7348577976226807,0.5394264459609985
ACM,hard,42,raw_hidden,0,N/A,0.11053860187530518,0.09407418966293335,1.1576143503189087,0.09125854820013046,N/A,N/A
ACM,hard,42,raw_hidden,1,N/A,0.05145268887281418,0.053225334733724594,0.5913581252098083,0.03218277543783188,N/A,N/A
ACM,hard,42,raw_hidden,2,N/A,0.10172266513109207,0.11994217336177826,1.256570816040039,0.06310076266527176,N/A,N/A
ACM,hard,42,raw_hidden,3,N/A,0.18235044181346893,0.19823290407657623,1.9060953855514526,1.0049231052398682,N/A,N/A
ACM,hard,42,raw_hidden,4,N/A,0.21057799458503723,0.21646170318126678,2.144782304763794,1.1120386123657227,N/A,N/A
ACM,hard,42,raw_hidden,5,N/A,0.19074787199497223,0.22377443313598633,2.0747108459472656,1.1086022853851318,N/A,N/A
ACM,hard,42,raw_hidden,6,N/A,0.19072629511356354,0.2141115963459015,2.0284345149993896,1.0712391138076782,N/A,N/A
ACM,hard,42,raw_hidden,7,N/A,0.19715142250061035,0.22721263766288757,2.087153434753418,1.198091983795166,N/A,N/A
ACM,hard,42,raw_hidden,8,N/A,0.2012932449579239,0.22720929980278015,2.1498875617980957,1.129219889640808,N/A,N/A
ACM,hard,42,raw_hidden,9,N/A,0.18541504442691803,0.2062201052904129,1.971636414527893,1.0171529054641724,N/A,N/A
ACM,hard,42,raw_hidden,10,N/A,0.1963612139225006,0.218169704079628,2.118861436843872,1.0121233463287354,N/A,N/A
ACM,hard,42,raw_hidden,11,N/A,0.22231382131576538,0.2591232657432556,2.44071626663208,1.2260816097259521,N/A,N/A
ACM,hard,42,raw_hidden,12,N/A,0.18263114988803864,0.2026214897632599,1.9752840995788574,0.9276136159896851,N/A,N/A
ACM,hard,42,raw_hidden,13,N/A,0.1891472488641739,0.2166517972946167,2.0363497734069824,1.0709904432296753,N/A,N/A
ACM,hard,42,raw_hidden,14,N/A,0.19829735159873962,0.22367969155311584,2.1196155548095703,1.107210397720337,N/A,N/A
ACM,hard,42,Project-and-Concat,0,64,0.11053860187530518,0.09407418966293335,1.1576143503189087,0.09125854820013046,0.6421759724617004,0.05029721185564995
ACM,hard,42,Project-and-Concat,1,64,0.05145268887281418,0.053225334733724594,0.5913581252098083,0.03218277543783188,0.6071304678916931,0.02407733164727688
ACM,hard,42,Project-and-Concat,2,64,0.10172266513109207,0.11994217336177826,1.256570816040039,0.06310076266527176,0.7263731360435486,0.03037579171359539
ACM,hard,42,Project-and-Concat,3,64,0.18235044181346893,0.19823290407657623,1.9060953855514526,1.0049231052398682,0.8514268398284912,0.44057077169418335
ACM,hard,42,Project-and-Concat,4,64,0.21057799458503723,0.21646170318126678,2.144782304763794,1.1120386123657227,0.9914896488189697,0.5073876976966858
ACM,hard,42,Project-and-Concat,5,64,0.19074787199497223,0.22377443313598633,2.0747108459472656,1.1086022853851318,0.89569091796875,0.3685404062271118
ACM,hard,42,Project-and-Concat,6,64,0.19072629511356354,0.2141115963459015,2.0284345149993896,1.0712391138076782,0.9227145910263062,0.4468519985675812
ACM,hard,42,Project-and-Concat,7,64,0.19715142250061035,0.22721263766288757,2.087153434753418,1.198091983795166,0.9834755063056946,0.5312397480010986
ACM,hard,42,Project-and-Concat,8,64,0.2012932449579239,0.22720929980278015,2.1498875617980957,1.129219889640808,1.0012989044189453,0.4717605412006378
ACM,hard,42,Project-and-Concat,9,64,0.18541504442691803,0.2062201052904129,1.971636414527893,1.0171529054641724,0.883942186832428,0.4116043746471405
ACM,hard,42,Project-and-Concat,10,64,0.1963612139225006,0.218169704079628,2.118861436843872,1.0121233463287354,0.9248974323272705,0.40670493245124817
ACM,hard,42,Project-and-Concat,11,64,0.22231382131576538,0.2591232657432556,2.44071626663208,1.2260816097259521,1.0093104839324951,0.508588433265686
ACM,hard,42,Project-and-Concat,12,64,0.18263114988803864,0.2026214897632599,1.9752840995788574,0.9276136159896851,0.852131724357605,0.3411672115325928
ACM,hard,42,Project-and-Concat,13,64,0.1891472488641739,0.2166517972946167,2.0363497734069824,1.0709904432296753,1.065791368484497,0.4408900737762451
ACM,hard,42,Project-and-Concat,14,64,0.19829735159873962,0.22367969155311584,2.1196155548095703,1.107210397720337,1.1234384775161743,0.5140560865402222
ACM,hard,42,raw_hidden,0,N/A,0.11053860187530518,0.09407418966293335,1.1576143503189087,0.09125854820013046,N/A,N/A
ACM,hard,42,raw_hidden,1,N/A,0.05145268887281418,0.053225334733724594,0.5913581252098083,0.03218277543783188,N/A,N/A
ACM,hard,42,raw_hidden,2,N/A,0.10172266513109207,0.11994217336177826,1.256570816040039,0.06310076266527176,N/A,N/A
ACM,hard,42,raw_hidden,3,N/A,0.18235044181346893,0.19823290407657623,1.9060953855514526,1.0049231052398682,N/A,N/A
ACM,hard,42,raw_hidden,4,N/A,0.21057799458503723,0.21646170318126678,2.144782304763794,1.1120386123657227,N/A,N/A
ACM,hard,42,raw_hidden,5,N/A,0.19074787199497223,0.22377443313598633,2.0747108459472656,1.1086022853851318,N/A,N/A
ACM,hard,42,raw_hidden,6,N/A,0.19072629511356354,0.2141115963459015,2.0284345149993896,1.0712391138076782,N/A,N/A
ACM,hard,42,raw_hidden,7,N/A,0.19715142250061035,0.22721263766288757,2.087153434753418,1.198091983795166,N/A,N/A
ACM,hard,42,raw_hidden,8,N/A,0.2012932449579239,0.22720929980278015,2.1498875617980957,1.129219889640808,N/A,N/A
ACM,hard,42,raw_hidden,9,N/A,0.18541504442691803,0.2062201052904129,1.971636414527893,1.0171529054641724,N/A,N/A
ACM,hard,42,raw_hidden,10,N/A,0.1963612139225006,0.218169704079628,2.118861436843872,1.0121233463287354,N/A,N/A
ACM,hard,42,raw_hidden,11,N/A,0.22231382131576538,0.2591232657432556,2.44071626663208,1.2260816097259521,N/A,N/A
ACM,hard,42,raw_hidden,12,N/A,0.18263114988803864,0.2026214897632599,1.9752840995788574,0.9276136159896851,N/A,N/A
ACM,hard,42,raw_hidden,13,N/A,0.1891472488641739,0.2166517972946167,2.0363497734069824,1.0709904432296753,N/A,N/A
ACM,hard,42,raw_hidden,14,N/A,0.19829735159873962,0.22367969155311584,2.1196155548095703,1.107210397720337,N/A,N/A
ACM,hard,42,Gated Fusion,0,128,0.11053860187530518,0.09407418966293335,1.1576143503189087,0.09125854820013046,0.9415106773376465,0.059418853372335434
ACM,hard,42,Gated Fusion,1,128,0.05145268887281418,0.053225334733724594,0.5913581252098083,0.03218277543783188,0.6684411764144897,0.016278915107250214
ACM,hard,42,Gated Fusion,2,128,0.10172266513109207,0.11994217336177826,1.256570816040039,0.06310076266527176,0.8648967146873474,0.03166721761226654
ACM,hard,42,Gated Fusion,3,128,0.18235044181346893,0.19823290407657623,1.9060953855514526,1.0049231052398682,1.3006563186645508,0.54832524061203
ACM,hard,42,Gated Fusion,4,128,0.21057799458503723,0.21646170318126678,2.144782304763794,1.1120386123657227,1.3383750915527344,0.5855893492698669
ACM,hard,42,Gated Fusion,5,128,0.19074787199497223,0.22377443313598633,2.0747108459472656,1.1086022853851318,1.3109016418457031,0.6329641342163086
ACM,hard,42,Gated Fusion,6,128,0.19072629511356354,0.2141115963459015,2.0284345149993896,1.0712391138076782,1.3551610708236694,0.6171507835388184
ACM,hard,42,Gated Fusion,7,128,0.19715142250061035,0.22721263766288757,2.087153434753418,1.198091983795166,1.5586328506469727,0.7592387199401855
ACM,hard,42,Gated Fusion,8,128,0.2012932449579239,0.22720929980278015,2.1498875617980957,1.129219889640808,1.463623285293579,0.603251039981842
ACM,hard,42,Gated Fusion,9,128,0.18541504442691803,0.2062201052904129,1.971636414527893,1.0171529054641724,1.2509961128234863,0.5646144151687622
ACM,hard,42,Gated Fusion,10,128,0.1963612139225006,0.218169704079628,2.118861436843872,1.0121233463287354,1.3978009223937988,0.6092894077301025
ACM,hard,42,Gated Fusion,11,128,0.22231382131576538,0.2591232657432556,2.44071626663208,1.2260816097259521,1.6278489828109741,0.7138338088989258
ACM,hard,42,Gated Fusion,12,128,0.18263114988803864,0.2026214897632599,1.9752840995788574,0.9276136159896851,1.2584720849990845,0.5229741334915161
ACM,hard,42,Gated Fusion,13,128,0.1891472488641739,0.2166517972946167,2.0363497734069824,1.0709904432296753,1.3200867176055908,0.6240902543067932
ACM,hard,42,Gated Fusion,14,128,0.19829735159873962,0.22367969155311584,2.1196155548095703,1.107210397720337,1.5005308389663696,0.6882412433624268
ACM,hard,42,raw_hidden,0,N/A,0.11053860187530518,0.09407418966293335,1.1576143503189087,0.09125854820013046,N/A,N/A
ACM,hard,42,raw_hidden,2,N/A,0.10172266513109207,0.11994217336177826,1.256570816040039,0.06310076266527176,N/A,N/A
ACM,hard,42,raw_hidden,1,N/A,0.05145268887281418,0.053225334733724594,0.5913581252098083,0.03218277543783188,N/A,N/A
ACM,hard,42,raw_hidden,9,N/A,0.18541504442691803,0.2062201052904129,1.971636414527893,1.0171529054641724,N/A,N/A
ACM,hard,42,raw_hidden,5,N/A,0.19074787199497223,0.22377443313598633,2.0747108459472656,1.1086022853851318,N/A,N/A
ACM,hard,42,Reliability-Selected Project-and-Mean,0,32,0.11053860187530518,0.09407418966293335,1.1576143503189087,0.09125854820013046,0.1843441128730774,0.10478302836418152
ACM,hard,42,Reliability-Selected Project-and-Mean,2,32,0.10172266513109207,0.11994217336177826,1.256570816040039,0.06310076266527176,0.10988818109035492,0.06840335577726364
ACM,hard,42,Reliability-Selected Project-and-Mean,1,32,0.05145268887281418,0.053225334733724594,0.5913581252098083,0.03218277543783188,0.26649707555770874,0.049462419003248215
ACM,hard,42,Reliability-Selected Project-and-Mean,9,32,0.18541504442691803,0.2062201052904129,1.971636414527893,1.0171529054641724,0.564760684967041,0.4145519435405731
ACM,hard,42,Reliability-Selected Project-and-Mean,5,32,0.19074787199497223,0.22377443313598633,2.0747108459472656,1.1086022853851318,0.6206953525543213,0.4464195966720581
ACM,hard,42,raw_hidden,0,N/A,0.11053860187530518,0.09407418966293335,1.1576143503189087,0.09125854820013046,N/A,N/A
ACM,hard,42,raw_hidden,2,N/A,0.10172266513109207,0.11994217336177826,1.256570816040039,0.06310076266527176,N/A,N/A
ACM,hard,42,raw_hidden,1,N/A,0.05145268887281418,0.053225334733724594,0.5913581252098083,0.03218277543783188,N/A,N/A
ACM,hard,42,raw_hidden,9,N/A,0.18541504442691803,0.2062201052904129,1.971636414527893,1.0171529054641724,N/A,N/A
ACM,hard,42,raw_hidden,5,N/A,0.19074787199497223,0.22377443313598633,2.0747108459472656,1.1086022853851318,N/A,N/A
ACM,hard,42,Reliability-Selected Gated Fusion,0,32,0.11053860187530518,0.09407418966293335,1.1576143503189087,0.09125854820013046,0.40413033962249756,0.0331241637468338
ACM,hard,42,Reliability-Selected Gated Fusion,2,32,0.10172266513109207,0.11994217336177826,1.256570816040039,0.06310076266527176,0.4238138794898987,0.03532189503312111
ACM,hard,42,Reliability-Selected Gated Fusion,1,32,0.05145268887281418,0.053225334733724594,0.5913581252098083,0.03218277543783188,0.40138575434684753,0.013813898898661137
ACM,hard,42,Reliability-Selected Gated Fusion,9,32,0.18541504442691803,0.2062201052904129,1.971636414527893,1.0171529054641724,0.7862040996551514,0.398031622171402
ACM,hard,42,Reliability-Selected Gated Fusion,5,32,0.19074787199497223,0.22377443313598633,2.0747108459472656,1.1086022853851318,0.6593955159187317,0.3381708860397339
ACM,hard,42,raw_hidden,0,N/A,0.11053860187530518,0.09407418966293335,1.1576143503189087,0.09125854820013046,N/A,N/A
ACM,hard,42,raw_hidden,1,N/A,0.05145268887281418,0.053225334733724594,0.5913581252098083,0.03218277543783188,N/A,N/A
ACM,hard,42,raw_hidden,2,N/A,0.10172266513109207,0.11994217336177826,1.256570816040039,0.06310076266527176,N/A,N/A
ACM,hard,42,Project-and-Mean,0,32,0.11053860187530518,0.09407418966293335,1.1576143503189087,0.09125854820013046,0.17244510352611542,0.0949176475405693
ACM,hard,42,Project-and-Mean,1,32,0.05145268887281418,0.053225334733724594,0.5913581252098083,0.03218277543783188,0.2370128631591797,0.056700821965932846
ACM,hard,42,Project-and-Mean,2,32,0.10172266513109207,0.11994217336177826,1.256570816040039,0.06310076266527176,0.13111601769924164,0.07841292023658752
ACM,hard,43,raw_hidden,0,N/A,0.11313210427761078,0.09310415387153625,1.1690388917922974,0.08516060560941696,N/A,N/A
ACM,hard,43,raw_hidden,1,N/A,0.06418860703706741,0.057555701583623886,0.6886855959892273,0.03759799897670746,N/A,N/A
ACM,hard,43,raw_hidden,2,N/A,0.13150480389595032,0.10083859413862228,1.3164113759994507,0.15692460536956787,N/A,N/A
ACM,hard,43,raw_hidden,3,N/A,0.1941903829574585,0.19821159541606903,2.0497963428497314,0.8521687984466553,N/A,N/A
ACM,hard,43,raw_hidden,4,N/A,0.1970684975385666,0.21414516866207123,2.054777145385742,1.094675898551941,N/A,N/A
ACM,hard,43,raw_hidden,5,N/A,0.20546051859855652,0.22044599056243896,2.157688856124878,1.0752896070480347,N/A,N/A
ACM,hard,43,raw_hidden,6,N/A,0.19647979736328125,0.22172768414020538,2.100595712661743,1.0975502729415894,N/A,N/A
ACM,hard,43,raw_hidden,7,N/A,0.19432204961776733,0.2186458557844162,2.0625505447387695,1.105521321296692,N/A,N/A
ACM,hard,43,raw_hidden,8,N/A,0.19401445984840393,0.21190859377384186,2.022238254547119,1.0924980640411377,N/A,N/A
ACM,hard,43,raw_hidden,9,N/A,0.18578362464904785,0.20275481045246124,1.9603607654571533,0.9984942078590393,N/A,N/A
ACM,hard,43,raw_hidden,10,N/A,0.19313210248947144,0.19858363270759583,1.9918934106826782,0.9713035225868225,N/A,N/A
ACM,hard,43,raw_hidden,11,N/A,0.19737274944782257,0.23275691270828247,2.156122922897339,1.1452370882034302,N/A,N/A
ACM,hard,43,raw_hidden,12,N/A,0.19757318496704102,0.21316255629062653,2.0573155879974365,1.083398461341858,N/A,N/A
ACM,hard,43,raw_hidden,13,N/A,0.19281260669231415,0.20797312259674072,2.0234017372131348,1.026321291923523,N/A,N/A
ACM,hard,43,raw_hidden,14,N/A,0.19520127773284912,0.20976783335208893,2.0492656230926514,1.0272780656814575,N/A,N/A
ACM,hard,43,Project-and-Mean,0,32,0.11313210427761078,0.09310415387153625,1.1690388917922974,0.08516060560941696,0.15657787024974823,0.08893480151891708
ACM,hard,43,Project-and-Mean,1,32,0.06418860703706741,0.057555701583623886,0.6886855959892273,0.03759799897670746,0.30543282628059387,0.05527837574481964
ACM,hard,43,Project-and-Mean,2,32,0.13150480389595032,0.10083859413862228,1.3164113759994507,0.15692460536956787,0.10258316248655319,0.06434442102909088
ACM,hard,43,Project-and-Mean,3,32,0.1941903829574585,0.19821159541606903,2.0497963428497314,0.8521687984466553,0.6412526965141296,0.3549477159976959
ACM,hard,43,Project-and-Mean,4,32,0.1970684975385666,0.21414516866207123,2.054777145385742,1.094675898551941,0.6822275519371033,0.41972264647483826
ACM,hard,43,Project-and-Mean,5,32,0.20546051859855652,0.22044599056243896,2.157688856124878,1.0752896070480347,0.5514646172523499,0.37163835763931274
ACM,hard,43,Project-and-Mean,6,32,0.19647979736328125,0.22172768414020538,2.100595712661743,1.0975502729415894,0.6440938711166382,0.4418240785598755
ACM,hard,43,Project-and-Mean,7,32,0.19432204961776733,0.2186458557844162,2.0625505447387695,1.105521321296692,0.616194486618042,0.41095179319381714
ACM,hard,43,Project-and-Mean,8,32,0.19401445984840393,0.21190859377384186,2.022238254547119,1.0924980640411377,0.5021246075630188,0.3466121554374695
ACM,hard,43,Project-and-Mean,9,32,0.18578362464904785,0.20275481045246124,1.9603607654571533,0.9984942078590393,0.6302749514579773,0.3962898254394531
ACM,hard,43,Project-and-Mean,10,32,0.19313210248947144,0.19858363270759583,1.9918934106826782,0.9713035225868225,0.5290845036506653,0.381443053483963
ACM,hard,43,Project-and-Mean,11,32,0.19737274944782257,0.23275691270828247,2.156122922897339,1.1452370882034302,0.6439617872238159,0.4791070818901062
ACM,hard,43,Project-and-Mean,12,32,0.19757318496704102,0.21316255629062653,2.0573155879974365,1.083398461341858,0.5174633860588074,0.37482786178588867
ACM,hard,43,Project-and-Mean,13,32,0.19281260669231415,0.20797312259674072,2.0234017372131348,1.026321291923523,0.6170477271080017,0.36241286993026733
ACM,hard,43,Project-and-Mean,14,32,0.19520127773284912,0.20976783335208893,2.0492656230926514,1.0272780656814575,0.5587148666381836,0.357925146818161
ACM,hard,43,raw_hidden,0,N/A,0.11313210427761078,0.09310415387153625,1.1690388917922974,0.08516060560941696,N/A,N/A
ACM,hard,43,raw_hidden,1,N/A,0.06418860703706741,0.057555701583623886,0.6886855959892273,0.03759799897670746,N/A,N/A
ACM,hard,43,raw_hidden,2,N/A,0.13150480389595032,0.10083859413862228,1.3164113759994507,0.15692460536956787,N/A,N/A
ACM,hard,43,raw_hidden,3,N/A,0.1941903829574585,0.19821159541606903,2.0497963428497314,0.8521687984466553,N/A,N/A
ACM,hard,43,raw_hidden,4,N/A,0.1970684975385666,0.21414516866207123,2.054777145385742,1.094675898551941,N/A,N/A
ACM,hard,43,raw_hidden,5,N/A,0.20546051859855652,0.22044599056243896,2.157688856124878,1.0752896070480347,N/A,N/A
ACM,hard,43,raw_hidden,6,N/A,0.19647979736328125,0.22172768414020538,2.100595712661743,1.0975502729415894,N/A,N/A
ACM,hard,43,raw_hidden,7,N/A,0.19432204961776733,0.2186458557844162,2.0625505447387695,1.105521321296692,N/A,N/A
ACM,hard,43,raw_hidden,8,N/A,0.19401445984840393,0.21190859377384186,2.022238254547119,1.0924980640411377,N/A,N/A
ACM,hard,43,raw_hidden,9,N/A,0.18578362464904785,0.20275481045246124,1.9603607654571533,0.9984942078590393,N/A,N/A
ACM,hard,43,raw_hidden,10,N/A,0.19313210248947144,0.19858363270759583,1.9918934106826782,0.9713035225868225,N/A,N/A
ACM,hard,43,raw_hidden,11,N/A,0.19737274944782257,0.23275691270828247,2.156122922897339,1.1452370882034302,N/A,N/A
ACM,hard,43,raw_hidden,12,N/A,0.19757318496704102,0.21316255629062653,2.0573155879974365,1.083398461341858,N/A,N/A
ACM,hard,43,raw_hidden,13,N/A,0.19281260669231415,0.20797312259674072,2.0234017372131348,1.026321291923523,N/A,N/A
ACM,hard,43,raw_hidden,14,N/A,0.19520127773284912,0.20976783335208893,2.0492656230926514,1.0272780656814575,N/A,N/A
ACM,hard,43,Project-and-Concat,0,64,0.11313210427761078,0.09310415387153625,1.1690388917922974,0.08516060560941696,0.5944908857345581,0.0587526336312294
ACM,hard,43,Project-and-Concat,1,64,0.06418860703706741,0.057555701583623886,0.6886855959892273,0.03759799897670746,0.5499827861785889,0.01005587074905634
ACM,hard,43,Project-and-Concat,2,64,0.13150480389595032,0.10083859413862228,1.3164113759994507,0.15692460536956787,0.6567196846008301,0.06461143493652344
ACM,hard,43,Project-and-Concat,3,64,0.1941903829574585,0.19821159541606903,2.0497963428497314,0.8521687984466553,0.827800452709198,0.2869826853275299
ACM,hard,43,Project-and-Concat,4,64,0.1970684975385666,0.21414516866207123,2.054777145385742,1.094675898551941,0.9737358689308167,0.4543125629425049
ACM,hard,43,Project-and-Concat,5,64,0.20546051859855652,0.22044599056243896,2.157688856124878,1.0752896070480347,0.8358857035636902,0.41746529936790466
ACM,hard,43,Project-and-Concat,6,64,0.19647979736328125,0.22172768414020538,2.100595712661743,1.0975502729415894,0.9563660621643066,0.46669530868530273
ACM,hard,43,Project-and-Concat,7,64,0.19432204961776733,0.2186458557844162,2.0625505447387695,1.105521321296692,0.753817617893219,0.38489314913749695
ACM,hard,43,Project-and-Concat,8,64,0.19401445984840393,0.21190859377384186,2.022238254547119,1.0924980640411377,1.0883928537368774,0.5158276557922363
ACM,hard,43,Project-and-Concat,9,64,0.18578362464904785,0.20275481045246124,1.9603607654571533,0.9984942078590393,0.9433184266090393,0.460995614528656
ACM,hard,43,Project-and-Concat,10,64,0.19313210248947144,0.19858363270759583,1.9918934106826782,0.9713035225868225,0.9105961322784424,0.3545833230018616
ACM,hard,43,Project-and-Concat,11,64,0.19737274944782257,0.23275691270828247,2.156122922897339,1.1452370882034302,1.0418140888214111,0.49304619431495667
ACM,hard,43,Project-and-Concat,12,64,0.19757318496704102,0.21316255629062653,2.0573155879974365,1.083398461341858,1.104407548904419,0.4824428856372833
ACM,hard,43,Project-and-Concat,13,64,0.19281260669231415,0.20797312259674072,2.0234017372131348,1.026321291923523,0.910223662853241,0.3794713616371155
ACM,hard,43,Project-and-Concat,14,64,0.19520127773284912,0.20976783335208893,2.0492656230926514,1.0272780656814575,0.9225643277168274,0.4149271249771118
ACM,hard,43,raw_hidden,0,N/A,0.11313210427761078,0.09310415387153625,1.1690388917922974,0.08516060560941696,N/A,N/A
ACM,hard,43,raw_hidden,1,N/A,0.06418860703706741,0.057555701583623886,0.6886855959892273,0.03759799897670746,N/A,N/A
ACM,hard,43,raw_hidden,2,N/A,0.13150480389595032,0.10083859413862228,1.3164113759994507,0.15692460536956787,N/A,N/A
ACM,hard,43,raw_hidden,3,N/A,0.1941903829574585,0.19821159541606903,2.0497963428497314,0.8521687984466553,N/A,N/A
ACM,hard,43,raw_hidden,4,N/A,0.1970684975385666,0.21414516866207123,2.054777145385742,1.094675898551941,N/A,N/A
ACM,hard,43,raw_hidden,5,N/A,0.20546051859855652,0.22044599056243896,2.157688856124878,1.0752896070480347,N/A,N/A
ACM,hard,43,raw_hidden,6,N/A,0.19647979736328125,0.22172768414020538,2.100595712661743,1.0975502729415894,N/A,N/A
ACM,hard,43,raw_hidden,7,N/A,0.19432204961776733,0.2186458557844162,2.0625505447387695,1.105521321296692,N/A,N/A
ACM,hard,43,raw_hidden,8,N/A,0.19401445984840393,0.21190859377384186,2.022238254547119,1.0924980640411377,N/A,N/A
ACM,hard,43,raw_hidden,9,N/A,0.18578362464904785,0.20275481045246124,1.9603607654571533,0.9984942078590393,N/A,N/A
ACM,hard,43,raw_hidden,10,N/A,0.19313210248947144,0.19858363270759583,1.9918934106826782,0.9713035225868225,N/A,N/A
ACM,hard,43,raw_hidden,11,N/A,0.19737274944782257,0.23275691270828247,2.156122922897339,1.1452370882034302,N/A,N/A
ACM,hard,43,raw_hidden,12,N/A,0.19757318496704102,0.21316255629062653,2.0573155879974365,1.083398461341858,N/A,N/A
ACM,hard,43,raw_hidden,13,N/A,0.19281260669231415,0.20797312259674072,2.0234017372131348,1.026321291923523,N/A,N/A
ACM,hard,43,raw_hidden,14,N/A,0.19520127773284912,0.20976783335208893,2.0492656230926514,1.0272780656814575,N/A,N/A
ACM,hard,43,Gated Fusion,0,64,0.11313210427761078,0.09310415387153625,1.1690388917922974,0.08516060560941696,0.6731964945793152,0.0490102581679821
ACM,hard,43,Gated Fusion,1,64,0.06418860703706741,0.057555701583623886,0.6886855959892273,0.03759799897670746,0.5157335996627808,0.01610633172094822
ACM,hard,43,Gated Fusion,2,64,0.13150480389595032,0.10083859413862228,1.3164113759994507,0.15692460536956787,0.8130702972412109,0.07291623204946518
ACM,hard,43,Gated Fusion,3,64,0.1941903829574585,0.19821159541606903,2.0497963428497314,0.8521687984466553,0.9904128313064575,0.3738163411617279
ACM,hard,43,Gated Fusion,4,64,0.1970684975385666,0.21414516866207123,2.054777145385742,1.094675898551941,1.2114276885986328,0.5682551860809326
ACM,hard,43,Gated Fusion,5,64,0.20546051859855652,0.22044599056243896,2.157688856124878,1.0752896070480347,1.0918227434158325,0.4980645775794983
ACM,hard,43,Gated Fusion,6,64,0.19647979736328125,0.22172768414020538,2.100595712661743,1.0975502729415894,1.1423299312591553,0.5222312211990356
ACM,hard,43,Gated Fusion,7,64,0.19432204961776733,0.2186458557844162,2.0625505447387695,1.105521321296692,1.0354347229003906,0.5300572514533997
ACM,hard,43,Gated Fusion,8,64,0.19401445984840393,0.21190859377384186,2.022238254547119,1.0924980640411377,1.1993951797485352,0.5880150198936462
ACM,hard,43,Gated Fusion,9,64,0.18578362464904785,0.20275481045246124,1.9603607654571533,0.9984942078590393,0.98777174949646,0.46949493885040283
ACM,hard,43,Gated Fusion,10,64,0.19313210248947144,0.19858363270759583,1.9918934106826782,0.9713035225868225,0.9412959814071655,0.4123912453651428
ACM,hard,43,Gated Fusion,11,64,0.19737274944782257,0.23275691270828247,2.156122922897339,1.1452370882034302,1.2355332374572754,0.5903900265693665
ACM,hard,43,Gated Fusion,12,64,0.19757318496704102,0.21316255629062653,2.0573155879974365,1.083398461341858,1.0388022661209106,0.5316563844680786
ACM,hard,43,Gated Fusion,13,64,0.19281260669231415,0.20797312259674072,2.0234017372131348,1.026321291923523,1.0357866287231445,0.4696001708507538
ACM,hard,43,Gated Fusion,14,64,0.19520127773284912,0.20976783335208893,2.0492656230926514,1.0272780656814575,1.1428440809249878,0.49187830090522766
ACM,hard,43,raw_hidden,0,N/A,0.11313210427761078,0.09310415387153625,1.1690388917922974,0.08516060560941696,N/A,N/A
ACM,hard,43,raw_hidden,2,N/A,0.13150480389595032,0.10083859413862228,1.3164113759994507,0.15692460536956787,N/A,N/A
ACM,hard,43,raw_hidden,1,N/A,0.06418860703706741,0.057555701583623886,0.6886855959892273,0.03759799897670746,N/A,N/A
ACM,hard,43,raw_hidden,3,N/A,0.1941903829574585,0.19821159541606903,2.0497963428497314,0.8521687984466553,N/A,N/A
ACM,hard,43,raw_hidden,5,N/A,0.20546051859855652,0.22044599056243896,2.157688856124878,1.0752896070480347,N/A,N/A
ACM,hard,43,Reliability-Selected Project-and-Mean,0,32,0.11313210427761078,0.09310415387153625,1.1690388917922974,0.08516060560941696,0.14598657190799713,0.08723915368318558
ACM,hard,43,Reliability-Selected Project-and-Mean,2,32,0.13150480389595032,0.10083859413862228,1.3164113759994507,0.15692460536956787,0.14028361439704895,0.07664483785629272
ACM,hard,43,Reliability-Selected Project-and-Mean,1,32,0.06418860703706741,0.057555701583623886,0.6886855959892273,0.03759799897670746,0.1926240622997284,0.040301017463207245
ACM,hard,43,Reliability-Selected Project-and-Mean,3,32,0.1941903829574585,0.19821159541606903,2.0497963428497314,0.8521687984466553,0.646436870098114,0.3366905748844147
ACM,hard,43,Reliability-Selected Project-and-Mean,5,32,0.20546051859855652,0.22044599056243896,2.157688856124878,1.0752896070480347,0.5162668824195862,0.3915831446647644
ACM,hard,43,raw_hidden,0,N/A,0.11313210427761078,0.09310415387153625,1.1690388917922974,0.08516060560941696,N/A,N/A
ACM,hard,43,raw_hidden,2,N/A,0.13150480389595032,0.10083859413862228,1.3164113759994507,0.15692460536956787,N/A,N/A
ACM,hard,43,raw_hidden,1,N/A,0.06418860703706741,0.057555701583623886,0.6886855959892273,0.03759799897670746,N/A,N/A
ACM,hard,43,raw_hidden,3,N/A,0.1941903829574585,0.19821159541606903,2.0497963428497314,0.8521687984466553,N/A,N/A
ACM,hard,43,raw_hidden,5,N/A,0.20546051859855652,0.22044599056243896,2.157688856124878,1.0752896070480347,N/A,N/A
ACM,hard,43,Reliability-Selected Gated Fusion,0,128,0.11313210427761078,0.09310415387153625,1.1690388917922974,0.08516060560941696,1.0399539470672607,0.04125150293111801
ACM,hard,43,Reliability-Selected Gated Fusion,2,128,0.13150480389595032,0.10083859413862228,1.3164113759994507,0.15692460536956787,0.8132283091545105,0.0885678380727768
ACM,hard,43,Reliability-Selected Gated Fusion,1,128,0.06418860703706741,0.057555701583623886,0.6886855959892273,0.03759799897670746,0.6943817734718323,0.02287224493920803
ACM,hard,43,Reliability-Selected Gated Fusion,3,128,0.1941903829574585,0.19821159541606903,2.0497963428497314,0.8521687984466553,1.4184696674346924,0.4899553954601288
ACM,hard,43,Reliability-Selected Gated Fusion,5,128,0.20546051859855652,0.22044599056243896,2.157688856124878,1.0752896070480347,1.3469977378845215,0.6051363348960876
ACM,hard,43,raw_hidden,0,N/A,0.11313210427761078,0.09310415387153625,1.1690388917922974,0.08516060560941696,N/A,N/A
ACM,hard,43,raw_hidden,1,N/A,0.06418860703706741,0.057555701583623886,0.6886855959892273,0.03759799897670746,N/A,N/A
ACM,hard,43,raw_hidden,2,N/A,0.13150480389595032,0.10083859413862228,1.3164113759994507,0.15692460536956787,N/A,N/A
ACM,hard,43,Project-and-Mean,0,64,0.11313210427761078,0.09310415387153625,1.1690388917922974,0.08516060560941696,0.15948446094989777,0.08421504497528076
ACM,hard,43,Project-and-Mean,1,64,0.06418860703706741,0.057555701583623886,0.6886855959892273,0.03759799897670746,0.2697901725769043,0.05223841220140457
ACM,hard,43,Project-and-Mean,2,64,0.13150480389595032,0.10083859413862228,1.3164113759994507,0.15692460536956787,0.30706334114074707,0.07670889049768448
ACM,hard,44,raw_hidden,0,N/A,0.10857348144054413,0.08084370940923691,1.0776474475860596,0.10679858177900314,N/A,N/A
ACM,hard,44,raw_hidden,1,N/A,0.043980784714221954,0.04818393662571907,0.520500123500824,0.03825810179114342,N/A,N/A
ACM,hard,44,raw_hidden,2,N/A,0.10126011073589325,0.08207844197750092,1.0386936664581299,0.09222805500030518,N/A,N/A
ACM,hard,44,raw_hidden,3,N/A,0.18787087500095367,0.20957376062870026,1.9928754568099976,1.0480036735534668,N/A,N/A
ACM,hard,44,raw_hidden,4,N/A,0.19029438495635986,0.21064820885658264,1.9982436895370483,1.0790913105010986,N/A,N/A
ACM,hard,44,raw_hidden,5,N/A,0.18871185183525085,0.21566030383110046,1.9786499738693237,1.1578956842422485,N/A,N/A
ACM,hard,44,raw_hidden,6,N/A,0.18164373934268951,0.21977438032627106,1.9652371406555176,1.1579023599624634,N/A,N/A
ACM,hard,44,raw_hidden,7,N/A,0.19494269788265228,0.20937377214431763,2.0278351306915283,1.0609652996063232,N/A,N/A
ACM,hard,44,raw_hidden,8,N/A,0.18922561407089233,0.20031481981277466,1.960101842880249,1.0087970495224,N/A,N/A
ACM,hard,44,raw_hidden,9,N/A,0.193576380610466,0.20865309238433838,2.062088966369629,0.9655553698539734,N/A,N/A
ACM,hard,44,raw_hidden,10,N/A,0.17991402745246887,0.21026913821697235,1.9348620176315308,1.075903296470642,N/A,N/A
ACM,hard,44,raw_hidden,11,N/A,0.1966632902622223,0.21579043567180634,2.057918071746826,1.1047438383102417,N/A,N/A
ACM,hard,44,raw_hidden,12,N/A,0.1722559630870819,0.22627849876880646,1.9522960186004639,1.1681101322174072,N/A,N/A
ACM,hard,44,raw_hidden,13,N/A,0.1606123447418213,0.22047406435012817,1.88042414188385,1.107218623161316,N/A,N/A
ACM,hard,44,raw_hidden,14,N/A,0.1836516559123993,0.1908797025680542,1.910020351409912,0.9177435636520386,N/A,N/A
ACM,hard,44,Project-and-Mean,0,32,0.10857348144054413,0.08084370940923691,1.0776474475860596,0.10679858177900314,0.14991465210914612,0.07219846546649933
ACM,hard,44,Project-and-Mean,1,32,0.043980784714221954,0.04818393662571907,0.520500123500824,0.03825810179114342,0.1894579827785492,0.04013027995824814
ACM,hard,44,Project-and-Mean,2,32,0.10126011073589325,0.08207844197750092,1.0386936664581299,0.09222805500030518,0.09693631529808044,0.05203038454055786
ACM,hard,44,Project-and-Mean,3,32,0.18787087500095367,0.20957376062870026,1.9928754568099976,1.0480036735534668,0.5000901818275452,0.31895413994789124
ACM,hard,44,Project-and-Mean,4,32,0.19029438495635986,0.21064820885658264,1.9982436895370483,1.0790913105010986,0.5638257265090942,0.4085520803928375
ACM,hard,44,Project-and-Mean,5,32,0.18871185183525085,0.21566030383110046,1.9786499738693237,1.1578956842422485,0.5695131421089172,0.44829389452934265
ACM,hard,44,Project-and-Mean,6,32,0.18164373934268951,0.21977438032627106,1.9652371406555176,1.1579023599624634,0.44566306471824646,0.32550930976867676
ACM,hard,44,Project-and-Mean,7,32,0.19494269788265228,0.20937377214431763,2.0278351306915283,1.0609652996063232,0.512233316898346,0.35599285364151
ACM,hard,44,Project-and-Mean,8,32,0.18922561407089233,0.20031481981277466,1.960101842880249,1.0087970495224,0.48355811834335327,0.3459843397140503
ACM,hard,44,Project-and-Mean,9,32,0.193576380610466,0.20865309238433838,2.062088966369629,0.9655553698539734,0.4910910725593567,0.32699742913246155
ACM,hard,44,Project-and-Mean,10,32,0.17991402745246887,0.21026913821697235,1.9348620176315308,1.075903296470642,0.46756020188331604,0.34446147084236145
ACM,hard,44,Project-and-Mean,11,32,0.1966632902622223,0.21579043567180634,2.057918071746826,1.1047438383102417,0.4123893082141876,0.3026679456233978
ACM,hard,44,Project-and-Mean,12,32,0.1722559630870819,0.22627849876880646,1.9522960186004639,1.1681101322174072,0.6170014142990112,0.4738876521587372
ACM,hard,44,Project-and-Mean,13,32,0.1606123447418213,0.22047406435012817,1.88042414188385,1.107218623161316,0.6395108103752136,0.41862577199935913
ACM,hard,44,Project-and-Mean,14,32,0.1836516559123993,0.1908797025680542,1.910020351409912,0.9177435636520386,0.47733503580093384,0.32055994868278503
ACM,hard,44,raw_hidden,0,N/A,0.10857348144054413,0.08084370940923691,1.0776474475860596,0.10679858177900314,N/A,N/A
ACM,hard,44,raw_hidden,1,N/A,0.043980784714221954,0.04818393662571907,0.520500123500824,0.03825810179114342,N/A,N/A
ACM,hard,44,raw_hidden,2,N/A,0.10126011073589325,0.08207844197750092,1.0386936664581299,0.09222805500030518,N/A,N/A
ACM,hard,44,raw_hidden,3,N/A,0.18787087500095367,0.20957376062870026,1.9928754568099976,1.0480036735534668,N/A,N/A
ACM,hard,44,raw_hidden,4,N/A,0.19029438495635986,0.21064820885658264,1.9982436895370483,1.0790913105010986,N/A,N/A
ACM,hard,44,raw_hidden,5,N/A,0.18871185183525085,0.21566030383110046,1.9786499738693237,1.1578956842422485,N/A,N/A
ACM,hard,44,raw_hidden,6,N/A,0.18164373934268951,0.21977438032627106,1.9652371406555176,1.1579023599624634,N/A,N/A
ACM,hard,44,raw_hidden,7,N/A,0.19494269788265228,0.20937377214431763,2.0278351306915283,1.0609652996063232,N/A,N/A
ACM,hard,44,raw_hidden,8,N/A,0.18922561407089233,0.20031481981277466,1.960101842880249,1.0087970495224,N/A,N/A
ACM,hard,44,raw_hidden,9,N/A,0.193576380610466,0.20865309238433838,2.062088966369629,0.9655553698539734,N/A,N/A
ACM,hard,44,raw_hidden,10,N/A,0.17991402745246887,0.21026913821697235,1.9348620176315308,1.075903296470642,N/A,N/A
ACM,hard,44,raw_hidden,11,N/A,0.1966632902622223,0.21579043567180634,2.057918071746826,1.1047438383102417,N/A,N/A
ACM,hard,44,raw_hidden,12,N/A,0.1722559630870819,0.22627849876880646,1.9522960186004639,1.1681101322174072,N/A,N/A
ACM,hard,44,raw_hidden,13,N/A,0.1606123447418213,0.22047406435012817,1.88042414188385,1.107218623161316,N/A,N/A
ACM,hard,44,raw_hidden,14,N/A,0.1836516559123993,0.1908797025680542,1.910020351409912,0.9177435636520386,N/A,N/A
ACM,hard,44,Project-and-Concat,0,128,0.10857348144054413,0.08084370940923691,1.0776474475860596,0.10679858177900314,0.9278795719146729,0.046953145414590836
ACM,hard,44,Project-and-Concat,1,128,0.043980784714221954,0.04818393662571907,0.520500123500824,0.03825810179114342,0.6006990671157837,0.014775928109884262
ACM,hard,44,Project-and-Concat,2,128,0.10126011073589325,0.08207844197750092,1.0386936664581299,0.09222805500030518,0.8344216346740723,0.03564876317977905
ACM,hard,44,Project-and-Concat,3,128,0.18787087500095367,0.20957376062870026,1.9928754568099976,1.0480036735534668,1.2438594102859497,0.5521690249443054
ACM,hard,44,Project-and-Concat,4,128,0.19029438495635986,0.21064820885658264,1.9982436895370483,1.0790913105010986,1.2470588684082031,0.6427156329154968
ACM,hard,44,Project-and-Concat,5,128,0.18871185183525085,0.21566030383110046,1.9786499738693237,1.1578956842422485,1.3473657369613647,0.725907027721405
ACM,hard,44,Project-and-Concat,6,128,0.18164373934268951,0.21977438032627106,1.9652371406555176,1.1579023599624634,1.1711318492889404,0.5965967774391174
ACM,hard,44,Project-and-Concat,7,128,0.19494269788265228,0.20937377214431763,2.0278351306915283,1.0609652996063232,1.2592391967773438,0.5646141767501831
ACM,hard,44,Project-and-Concat,8,128,0.18922561407089233,0.20031481981277466,1.960101842880249,1.0087970495224,1.395734429359436,0.5850573182106018
ACM,hard,44,Project-and-Concat,9,128,0.193576380610466,0.20865309238433838,2.062088966369629,0.9655553698539734,1.3820005655288696,0.5626828670501709
ACM,hard,44,Project-and-Concat,10,128,0.17991402745246887,0.21026913821697235,1.9348620176315308,1.075903296470642,1.360209345817566,0.6295332908630371
ACM,hard,44,Project-and-Concat,11,128,0.1966632902622223,0.21579043567180634,2.057918071746826,1.1047438383102417,1.4237703084945679,0.6527905464172363
ACM,hard,44,Project-and-Concat,12,128,0.1722559630870819,0.22627849876880646,1.9522960186004639,1.1681101322174072,1.3427070379257202,0.7222015857696533
ACM,hard,44,Project-and-Concat,13,128,0.1606123447418213,0.22047406435012817,1.88042414188385,1.107218623161316,1.3505055904388428,0.6975394487380981
ACM,hard,44,Project-and-Concat,14,128,0.1836516559123993,0.1908797025680542,1.910020351409912,0.9177435636520386,1.257716178894043,0.5379045009613037
ACM,hard,44,raw_hidden,0,N/A,0.10857348144054413,0.08084370940923691,1.0776474475860596,0.10679858177900314,N/A,N/A
ACM,hard,44,raw_hidden,1,N/A,0.043980784714221954,0.04818393662571907,0.520500123500824,0.03825810179114342,N/A,N/A
ACM,hard,44,raw_hidden,2,N/A,0.10126011073589325,0.08207844197750092,1.0386936664581299,0.09222805500030518,N/A,N/A
ACM,hard,44,raw_hidden,3,N/A,0.18787087500095367,0.20957376062870026,1.9928754568099976,1.0480036735534668,N/A,N/A
ACM,hard,44,raw_hidden,4,N/A,0.19029438495635986,0.21064820885658264,1.9982436895370483,1.0790913105010986,N/A,N/A
ACM,hard,44,raw_hidden,5,N/A,0.18871185183525085,0.21566030383110046,1.9786499738693237,1.1578956842422485,N/A,N/A
ACM,hard,44,raw_hidden,6,N/A,0.18164373934268951,0.21977438032627106,1.9652371406555176,1.1579023599624634,N/A,N/A
ACM,hard,44,raw_hidden,7,N/A,0.19494269788265228,0.20937377214431763,2.0278351306915283,1.0609652996063232,N/A,N/A
ACM,hard,44,raw_hidden,8,N/A,0.18922561407089233,0.20031481981277466,1.960101842880249,1.0087970495224,N/A,N/A
ACM,hard,44,raw_hidden,9,N/A,0.193576380610466,0.20865309238433838,2.062088966369629,0.9655553698539734,N/A,N/A
ACM,hard,44,raw_hidden,10,N/A,0.17991402745246887,0.21026913821697235,1.9348620176315308,1.075903296470642,N/A,N/A
ACM,hard,44,raw_hidden,11,N/A,0.1966632902622223,0.21579043567180634,2.057918071746826,1.1047438383102417,N/A,N/A
ACM,hard,44,raw_hidden,12,N/A,0.1722559630870819,0.22627849876880646,1.9522960186004639,1.1681101322174072,N/A,N/A
ACM,hard,44,raw_hidden,13,N/A,0.1606123447418213,0.22047406435012817,1.88042414188385,1.107218623161316,N/A,N/A
ACM,hard,44,raw_hidden,14,N/A,0.1836516559123993,0.1908797025680542,1.910020351409912,0.9177435636520386,N/A,N/A
ACM,hard,44,Gated Fusion,0,32,0.10857348144054413,0.08084370940923691,1.0776474475860596,0.10679858177900314,0.5895578265190125,0.045613616704940796
ACM,hard,44,Gated Fusion,1,32,0.043980784714221954,0.04818393662571907,0.520500123500824,0.03825810179114342,0.3715101182460785,0.013033568859100342
ACM,hard,44,Gated Fusion,2,32,0.10126011073589325,0.08207844197750092,1.0386936664581299,0.09222805500030518,0.6294684410095215,0.04845809191465378
ACM,hard,44,Gated Fusion,3,32,0.18787087500095367,0.20957376062870026,1.9928754568099976,1.0480036735534668,0.718613862991333,0.34376057982444763
ACM,hard,44,Gated Fusion,4,32,0.19029438495635986,0.21064820885658264,1.9982436895370483,1.0790913105010986,0.6106997132301331,0.3362545371055603
ACM,hard,44,Gated Fusion,5,32,0.18871185183525085,0.21566030383110046,1.9786499738693237,1.1578956842422485,0.8036457896232605,0.4298509359359741
ACM,hard,44,Gated Fusion,6,32,0.18164373934268951,0.21977438032627106,1.9652371406555176,1.1579023599624634,0.6170812249183655,0.39105531573295593
ACM,hard,44,Gated Fusion,7,32,0.19494269788265228,0.20937377214431763,2.0278351306915283,1.0609652996063232,0.7616648077964783,0.3214998245239258
ACM,hard,44,Gated Fusion,8,32,0.18922561407089233,0.20031481981277466,1.960101842880249,1.0087970495224,0.604913592338562,0.3395201563835144
ACM,hard,44,Gated Fusion,9,32,0.193576380610466,0.20865309238433838,2.062088966369629,0.9655553698539734,0.8779289722442627,0.40750616788864136
ACM,hard,44,Gated Fusion,10,32,0.17991402745246887,0.21026913821697235,1.9348620176315308,1.075903296470642,0.8432767391204834,0.4191533327102661
ACM,hard,44,Gated Fusion,11,32,0.1966632902622223,0.21579043567180634,2.057918071746826,1.1047438383102417,0.7907814383506775,0.4205251634120941
ACM,hard,44,Gated Fusion,12,32,0.1722559630870819,0.22627849876880646,1.9522960186004639,1.1681101322174072,0.6530518531799316,0.34839683771133423
ACM,hard,44,Gated Fusion,13,32,0.1606123447418213,0.22047406435012817,1.88042414188385,1.107218623161316,0.8145865201950073,0.38411107659339905
ACM,hard,44,Gated Fusion,14,32,0.1836516559123993,0.1908797025680542,1.910020351409912,0.9177435636520386,0.7472922801971436,0.3220280706882477
ACM,hard,44,raw_hidden,0,N/A,0.10857348144054413,0.08084370940923691,1.0776474475860596,0.10679858177900314,N/A,N/A
ACM,hard,44,raw_hidden,2,N/A,0.10126011073589325,0.08207844197750092,1.0386936664581299,0.09222805500030518,N/A,N/A
ACM,hard,44,raw_hidden,1,N/A,0.043980784714221954,0.04818393662571907,0.520500123500824,0.03825810179114342,N/A,N/A
ACM,hard,44,raw_hidden,6,N/A,0.18164373934268951,0.21977438032627106,1.9652371406555176,1.1579023599624634,N/A,N/A
ACM,hard,44,raw_hidden,13,N/A,0.1606123447418213,0.22047406435012817,1.88042414188385,1.107218623161316,N/A,N/A
ACM,hard,44,Reliability-Selected Project-and-Mean,0,32,0.10857348144054413,0.08084370940923691,1.0776474475860596,0.10679858177900314,0.1500905603170395,0.09406372904777527
ACM,hard,44,Reliability-Selected Project-and-Mean,2,32,0.10126011073589325,0.08207844197750092,1.0386936664581299,0.09222805500030518,0.11881168186664581,0.06231345981359482
ACM,hard,44,Reliability-Selected Project-and-Mean,1,32,0.043980784714221954,0.04818393662571907,0.520500123500824,0.03825810179114342,0.1886928230524063,0.022931966930627823
ACM,hard,44,Reliability-Selected Project-and-Mean,6,32,0.18164373934268951,0.21977438032627106,1.9652371406555176,1.1579023599624634,0.44896602630615234,0.3032590448856354
ACM,hard,44,Reliability-Selected Project-and-Mean,13,32,0.1606123447418213,0.22047406435012817,1.88042414188385,1.107218623161316,0.6165828704833984,0.4564284384250641
ACM,hard,44,raw_hidden,0,N/A,0.10857348144054413,0.08084370940923691,1.0776474475860596,0.10679858177900314,N/A,N/A
ACM,hard,44,raw_hidden,2,N/A,0.10126011073589325,0.08207844197750092,1.0386936664581299,0.09222805500030518,N/A,N/A
ACM,hard,44,raw_hidden,1,N/A,0.043980784714221954,0.04818393662571907,0.520500123500824,0.03825810179114342,N/A,N/A
ACM,hard,44,raw_hidden,6,N/A,0.18164373934268951,0.21977438032627106,1.9652371406555176,1.1579023599624634,N/A,N/A
ACM,hard,44,raw_hidden,13,N/A,0.1606123447418213,0.22047406435012817,1.88042414188385,1.107218623161316,N/A,N/A
ACM,hard,44,Reliability-Selected Gated Fusion,0,128,0.10857348144054413,0.08084370940923691,1.0776474475860596,0.10679858177900314,0.9848701357841492,0.04847414419054985
ACM,hard,44,Reliability-Selected Gated Fusion,2,128,0.10126011073589325,0.08207844197750092,1.0386936664581299,0.09222805500030518,0.8825594186782837,0.04071839153766632
ACM,hard,44,Reliability-Selected Gated Fusion,1,128,0.043980784714221954,0.04818393662571907,0.520500123500824,0.03825810179114342,0.7380927205085754,0.012324650771915913
ACM,hard,44,Reliability-Selected Gated Fusion,6,128,0.18164373934268951,0.21977438032627106,1.9652371406555176,1.1579023599624634,1.3537627458572388,0.6696364879608154
ACM,hard,44,Reliability-Selected Gated Fusion,13,128,0.1606123447418213,0.22047406435012817,1.88042414188385,1.107218623161316,1.4440901279449463,0.723720133304596
ACM,hard,44,raw_hidden,0,N/A,0.10857348144054413,0.08084370940923691,1.0776474475860596,0.10679858177900314,N/A,N/A
ACM,hard,44,raw_hidden,1,N/A,0.043980784714221954,0.04818393662571907,0.520500123500824,0.03825810179114342,N/A,N/A
ACM,hard,44,raw_hidden,2,N/A,0.10126011073589325,0.08207844197750092,1.0386936664581299,0.09222805500030518,N/A,N/A
ACM,hard,44,Project-and-Mean,0,128,0.10857348144054413,0.08084370940923691,1.0776474475860596,0.10679858177900314,0.43203291296958923,0.19757810235023499
ACM,hard,44,Project-and-Mean,1,128,0.043980784714221954,0.04818393662571907,0.520500123500824,0.03825810179114342,0.47232455015182495,0.05021375045180321
ACM,hard,44,Project-and-Mean,2,128,0.10126011073589325,0.08207844197750092,1.0386936664581299,0.09222805500030518,0.5723944902420044,0.13057973980903625
ACM,hard,45,raw_hidden,0,N/A,0.10375039279460907,0.08108624070882797,1.0506172180175781,0.07685776054859161,N/A,N/A
ACM,hard,45,raw_hidden,1,N/A,0.06223031133413315,0.06447958946228027,0.7156017422676086,0.04299687594175339,N/A,N/A
ACM,hard,45,raw_hidden,2,N/A,0.12356575578451157,0.2409266233444214,2.13478422164917,0.36715269088745117,N/A,N/A
ACM,hard,45,raw_hidden,3,N/A,0.20416495203971863,0.21727123856544495,2.0825440883636475,1.1627458333969116,N/A,N/A
ACM,hard,45,raw_hidden,4,N/A,0.19261710345745087,0.21874700486660004,2.0132524967193604,1.1763149499893188,N/A,N/A
ACM,hard,45,raw_hidden,5,N/A,0.18242457509040833,0.20690716803073883,1.9545997381210327,1.0243316888809204,N/A,N/A
ACM,hard,45,raw_hidden,6,N/A,0.1972634196281433,0.21541297435760498,2.0767030715942383,1.0712158679962158,N/A,N/A
ACM,hard,45,raw_hidden,7,N/A,0.1912870854139328,0.20926833152770996,2.0177667140960693,1.03594970703125,N/A,N/A
ACM,hard,45,raw_hidden,8,N/A,0.19741147756576538,0.1987721025943756,2.0260839462280273,0.9580232501029968,N/A,N/A
ACM,hard,45,raw_hidden,9,N/A,0.20101448893547058,0.24423891305923462,2.2384049892425537,1.1804026365280151,N/A,N/A
ACM,hard,45,raw_hidden,10,N/A,0.1819566786289215,0.2004280835390091,1.9520543813705444,0.9377534985542297,N/A,N/A
ACM,hard,45,raw_hidden,11,N/A,0.19673962891101837,0.2238476276397705,2.1025803089141846,1.123952031135559,N/A,N/A
ACM,hard,45,raw_hidden,12,N/A,0.18628692626953125,0.20187650620937347,1.9527606964111328,1.0079532861709595,N/A,N/A
ACM,hard,45,raw_hidden,13,N/A,0.17864245176315308,0.20331346988677979,1.907057762145996,1.0252306461334229,N/A,N/A
ACM,hard,45,raw_hidden,14,N/A,0.18291836977005005,0.19846661388874054,1.938767910003662,0.9505050182342529,N/A,N/A
ACM,hard,45,Project-and-Mean,0,32,0.10375039279460907,0.08108624070882797,1.0506172180175781,0.07685776054859161,0.1528373807668686,0.08127319067716599
ACM,hard,45,Project-and-Mean,1,32,0.06223031133413315,0.06447958946228027,0.7156017422676086,0.04299687594175339,0.1560686081647873,0.045615170150995255
ACM,hard,45,Project-and-Mean,2,32,0.12356575578451157,0.2409266233444214,2.13478422164917,0.36715269088745117,0.1498759388923645,0.10167596489191055
ACM,hard,45,Project-and-Mean,3,32,0.20416495203971863,0.21727123856544495,2.0825440883636475,1.1627458333969116,0.5221946239471436,0.44337087869644165
ACM,hard,45,Project-and-Mean,4,32,0.19261710345745087,0.21874700486660004,2.0132524967193604,1.1763149499893188,0.5341817140579224,0.4407319724559784
ACM,hard,45,Project-and-Mean,5,32,0.18242457509040833,0.20690716803073883,1.9545997381210327,1.0243316888809204,0.6427233219146729,0.5037536025047302
ACM,hard,45,Project-and-Mean,6,32,0.1972634196281433,0.21541297435760498,2.0767030715942383,1.0712158679962158,0.6317858695983887,0.46170350909233093
ACM,hard,45,Project-and-Mean,7,32,0.1912870854139328,0.20926833152770996,2.0177667140960693,1.03594970703125,0.5330141186714172,0.473550945520401
ACM,hard,45,Project-and-Mean,8,32,0.19741147756576538,0.1987721025943756,2.0260839462280273,0.9580232501029968,0.4891943633556366,0.3604947030544281
ACM,hard,45,Project-and-Mean,9,32,0.20101448893547058,0.24423891305923462,2.2384049892425537,1.1804026365280151,0.5324143171310425,0.4205034673213959
ACM,hard,45,Project-and-Mean,10,32,0.1819566786289215,0.2004280835390091,1.9520543813705444,0.9377534985542297,0.5514792799949646,0.3829638957977295
ACM,hard,45,Project-and-Mean,11,32,0.19673962891101837,0.2238476276397705,2.1025803089141846,1.123952031135559,0.5271892547607422,0.46090415120124817
ACM,hard,45,Project-and-Mean,12,32,0.18628692626953125,0.20187650620937347,1.9527606964111328,1.0079532861709595,0.5491774082183838,0.5086386203765869
ACM,hard,45,Project-and-Mean,13,32,0.17864245176315308,0.20331346988677979,1.907057762145996,1.0252306461334229,0.45559847354888916,0.37211307883262634
ACM,hard,45,Project-and-Mean,14,32,0.18291836977005005,0.19846661388874054,1.938767910003662,0.9505050182342529,0.6074564456939697,0.4261833429336548
ACM,hard,45,raw_hidden,0,N/A,0.10375039279460907,0.08108624070882797,1.0506172180175781,0.07685776054859161,N/A,N/A
ACM,hard,45,raw_hidden,1,N/A,0.06223031133413315,0.06447958946228027,0.7156017422676086,0.04299687594175339,N/A,N/A
ACM,hard,45,raw_hidden,2,N/A,0.12356575578451157,0.2409266233444214,2.13478422164917,0.36715269088745117,N/A,N/A
ACM,hard,45,raw_hidden,3,N/A,0.20416495203971863,0.21727123856544495,2.0825440883636475,1.1627458333969116,N/A,N/A
ACM,hard,45,raw_hidden,4,N/A,0.19261710345745087,0.21874700486660004,2.0132524967193604,1.1763149499893188,N/A,N/A
ACM,hard,45,raw_hidden,5,N/A,0.18242457509040833,0.20690716803073883,1.9545997381210327,1.0243316888809204,N/A,N/A
ACM,hard,45,raw_hidden,6,N/A,0.1972634196281433,0.21541297435760498,2.0767030715942383,1.0712158679962158,N/A,N/A
ACM,hard,45,raw_hidden,7,N/A,0.1912870854139328,0.20926833152770996,2.0177667140960693,1.03594970703125,N/A,N/A
ACM,hard,45,raw_hidden,8,N/A,0.19741147756576538,0.1987721025943756,2.0260839462280273,0.9580232501029968,N/A,N/A
ACM,hard,45,raw_hidden,9,N/A,0.20101448893547058,0.24423891305923462,2.2384049892425537,1.1804026365280151,N/A,N/A
ACM,hard,45,raw_hidden,10,N/A,0.1819566786289215,0.2004280835390091,1.9520543813705444,0.9377534985542297,N/A,N/A
ACM,hard,45,raw_hidden,11,N/A,0.19673962891101837,0.2238476276397705,2.1025803089141846,1.123952031135559,N/A,N/A
ACM,hard,45,raw_hidden,12,N/A,0.18628692626953125,0.20187650620937347,1.9527606964111328,1.0079532861709595,N/A,N/A
ACM,hard,45,raw_hidden,13,N/A,0.17864245176315308,0.20331346988677979,1.907057762145996,1.0252306461334229,N/A,N/A
ACM,hard,45,raw_hidden,14,N/A,0.18291836977005005,0.19846661388874054,1.938767910003662,0.9505050182342529,N/A,N/A
ACM,hard,45,Project-and-Concat,0,64,0.10375039279460907,0.08108624070882797,1.0506172180175781,0.07685776054859161,1.2388731241226196,0.09282856434583664
ACM,hard,45,Project-and-Concat,1,64,0.06223031133413315,0.06447958946228027,0.7156017422676086,0.04299687594175339,1.0747538805007935,0.12775108218193054
ACM,hard,45,Project-and-Concat,2,64,0.12356575578451157,0.2409266233444214,2.13478422164917,0.36715269088745117,2.012892961502075,0.31617122888565063
ACM,hard,45,Project-and-Concat,3,64,0.20416495203971863,0.21727123856544495,2.0825440883636475,1.1627458333969116,2.4017066955566406,1.2534656524658203
ACM,hard,45,Project-and-Concat,4,64,0.19261710345745087,0.21874700486660004,2.0132524967193604,1.1763149499893188,2.203014373779297,1.1964170932769775
ACM,hard,45,Project-and-Concat,5,64,0.18242457509040833,0.20690716803073883,1.9545997381210327,1.0243316888809204,2.156069278717041,1.0237210988998413
ACM,hard,45,Project-and-Concat,6,64,0.1972634196281433,0.21541297435760498,2.0767030715942383,1.0712158679962158,2.097925901412964,1.0071965456008911
ACM,hard,45,Project-and-Concat,7,64,0.1912870854139328,0.20926833152770996,2.0177667140960693,1.03594970703125,2.1384494304656982,1.04021418094635
ACM,hard,45,Project-and-Concat,8,64,0.19741147756576538,0.1987721025943756,2.0260839462280273,0.9580232501029968,2.017472743988037,0.935855507850647
ACM,hard,45,Project-and-Concat,9,64,0.20101448893547058,0.24423891305923462,2.2384049892425537,1.1804026365280151,2.3898186683654785,1.2847633361816406
ACM,hard,45,Project-and-Concat,10,64,0.1819566786289215,0.2004280835390091,1.9520543813705444,0.9377534985542297,2.1366372108459473,0.8780804872512817
ACM,hard,45,Project-and-Concat,11,64,0.19673962891101837,0.2238476276397705,2.1025803089141846,1.123952031135559,2.248453140258789,1.1567662954330444
ACM,hard,45,Project-and-Concat,12,64,0.18628692626953125,0.20187650620937347,1.9527606964111328,1.0079532861709595,2.357407808303833,1.2780953645706177
ACM,hard,45,Project-and-Concat,13,64,0.17864245176315308,0.20331346988677979,1.907057762145996,1.0252306461334229,1.9718257188796997,1.0290712118148804
ACM,hard,45,Project-and-Concat,14,64,0.18291836977005005,0.19846661388874054,1.938767910003662,0.9505050182342529,2.076408624649048,0.9338522553443909
ACM,hard,45,raw_hidden,0,N/A,0.10375039279460907,0.08108624070882797,1.0506172180175781,0.07685776054859161,N/A,N/A
ACM,hard,45,raw_hidden,1,N/A,0.06223031133413315,0.06447958946228027,0.7156017422676086,0.04299687594175339,N/A,N/A
ACM,hard,45,raw_hidden,2,N/A,0.12356575578451157,0.2409266233444214,2.13478422164917,0.36715269088745117,N/A,N/A
ACM,hard,45,raw_hidden,3,N/A,0.20416495203971863,0.21727123856544495,2.0825440883636475,1.1627458333969116,N/A,N/A
ACM,hard,45,raw_hidden,4,N/A,0.19261710345745087,0.21874700486660004,2.0132524967193604,1.1763149499893188,N/A,N/A
ACM,hard,45,raw_hidden,5,N/A,0.18242457509040833,0.20690716803073883,1.9545997381210327,1.0243316888809204,N/A,N/A
ACM,hard,45,raw_hidden,6,N/A,0.1972634196281433,0.21541297435760498,2.0767030715942383,1.0712158679962158,N/A,N/A
ACM,hard,45,raw_hidden,7,N/A,0.1912870854139328,0.20926833152770996,2.0177667140960693,1.03594970703125,N/A,N/A
ACM,hard,45,raw_hidden,8,N/A,0.19741147756576538,0.1987721025943756,2.0260839462280273,0.9580232501029968,N/A,N/A
ACM,hard,45,raw_hidden,9,N/A,0.20101448893547058,0.24423891305923462,2.2384049892425537,1.1804026365280151,N/A,N/A
ACM,hard,45,raw_hidden,10,N/A,0.1819566786289215,0.2004280835390091,1.9520543813705444,0.9377534985542297,N/A,N/A
ACM,hard,45,raw_hidden,11,N/A,0.19673962891101837,0.2238476276397705,2.1025803089141846,1.123952031135559,N/A,N/A
ACM,hard,45,raw_hidden,12,N/A,0.18628692626953125,0.20187650620937347,1.9527606964111328,1.0079532861709595,N/A,N/A
ACM,hard,45,raw_hidden,13,N/A,0.17864245176315308,0.20331346988677979,1.907057762145996,1.0252306461334229,N/A,N/A
ACM,hard,45,raw_hidden,14,N/A,0.18291836977005005,0.19846661388874054,1.938767910003662,0.9505050182342529,N/A,N/A
ACM,hard,45,Gated Fusion,0,128,0.10375039279460907,0.08108624070882797,1.0506172180175781,0.07685776054859161,0.7836547493934631,0.046232420951128006
ACM,hard,45,Gated Fusion,1,128,0.06223031133413315,0.06447958946228027,0.7156017422676086,0.04299687594175339,0.6601291298866272,0.05842771753668785
ACM,hard,45,Gated Fusion,2,128,0.12356575578451157,0.2409266233444214,2.13478422164917,0.36715269088745117,1.3305147886276245,0.18422701954841614
ACM,hard,45,Gated Fusion,3,128,0.20416495203971863,0.21727123856544495,2.0825440883636475,1.1627458333969116,1.488756775856018,0.6748334765434265
ACM,hard,45,Gated Fusion,4,128,0.19261710345745087,0.21874700486660004,2.0132524967193604,1.1763149499893188,1.2149990797042847,0.6220293045043945
ACM,hard,45,Gated Fusion,5,128,0.18242457509040833,0.20690716803073883,1.9545997381210327,1.0243316888809204,1.218627691268921,0.5430366396903992
ACM,hard,45,Gated Fusion,6,128,0.1972634196281433,0.21541297435760498,2.0767030715942383,1.0712158679962158,1.2569811344146729,0.5262361764907837
ACM,hard,45,Gated Fusion,7,128,0.1912870854139328,0.20926833152770996,2.0177667140960693,1.03594970703125,1.3642313480377197,0.5837670564651489
ACM,hard,45,Gated Fusion,8,128,0.19741147756576538,0.1987721025943756,2.0260839462280273,0.9580232501029968,1.2532471418380737,0.5391786694526672
ACM,hard,45,Gated Fusion,9,128,0.20101448893547058,0.24423891305923462,2.2384049892425537,1.1804026365280151,1.307734489440918,0.6244636178016663
ACM,hard,45,Gated Fusion,10,128,0.1819566786289215,0.2004280835390091,1.9520543813705444,0.9377534985542297,1.33073890209198,0.580588161945343
ACM,hard,45,Gated Fusion,11,128,0.19673962891101837,0.2238476276397705,2.1025803089141846,1.123952031135559,1.2832610607147217,0.608309268951416
ACM,hard,45,Gated Fusion,12,128,0.18628692626953125,0.20187650620937347,1.9527606964111328,1.0079532861709595,1.2850786447525024,0.587961733341217
ACM,hard,45,Gated Fusion,13,128,0.17864245176315308,0.20331346988677979,1.907057762145996,1.0252306461334229,1.243088960647583,0.5509303212165833
ACM,hard,45,Gated Fusion,14,128,0.18291836977005005,0.19846661388874054,1.938767910003662,0.9505050182342529,1.4614681005477905,0.591618537902832
ACM,hard,45,raw_hidden,0,N/A,0.10375039279460907,0.08108624070882797,1.0506172180175781,0.07685776054859161,N/A,N/A
ACM,hard,45,raw_hidden,2,N/A,0.12356575578451157,0.2409266233444214,2.13478422164917,0.36715269088745117,N/A,N/A
ACM,hard,45,raw_hidden,1,N/A,0.06223031133413315,0.06447958946228027,0.7156017422676086,0.04299687594175339,N/A,N/A
ACM,hard,45,raw_hidden,3,N/A,0.20416495203971863,0.21727123856544495,2.0825440883636475,1.1627458333969116,N/A,N/A
ACM,hard,45,raw_hidden,12,N/A,0.18628692626953125,0.20187650620937347,1.9527606964111328,1.0079532861709595,N/A,N/A
ACM,hard,45,Reliability-Selected Project-and-Mean,0,32,0.10375039279460907,0.08108624070882797,1.0506172180175781,0.07685776054859161,0.1770607829093933,0.06762095540761948
ACM,hard,45,Reliability-Selected Project-and-Mean,2,32,0.12356575578451157,0.2409266233444214,2.13478422164917,0.36715269088745117,0.18463727831840515,0.09998245537281036
ACM,hard,45,Reliability-Selected Project-and-Mean,1,32,0.06223031133413315,0.06447958946228027,0.7156017422676086,0.04299687594175339,0.12058994174003601,0.03661363571882248
ACM,hard,45,Reliability-Selected Project-and-Mean,3,32,0.20416495203971863,0.21727123856544495,2.0825440883636475,1.1627458333969116,0.6001502871513367,0.43073728680610657
ACM,hard,45,Reliability-Selected Project-and-Mean,12,32,0.18628692626953125,0.20187650620937347,1.9527606964111328,1.0079532861709595,0.562995195388794,0.4114367961883545
ACM,hard,45,raw_hidden,0,N/A,0.10375039279460907,0.08108624070882797,1.0506172180175781,0.07685776054859161,N/A,N/A
ACM,hard,45,raw_hidden,2,N/A,0.12356575578451157,0.2409266233444214,2.13478422164917,0.36715269088745117,N/A,N/A
ACM,hard,45,raw_hidden,1,N/A,0.06223031133413315,0.06447958946228027,0.7156017422676086,0.04299687594175339,N/A,N/A
ACM,hard,45,raw_hidden,3,N/A,0.20416495203971863,0.21727123856544495,2.0825440883636475,1.1627458333969116,N/A,N/A
ACM,hard,45,raw_hidden,12,N/A,0.18628692626953125,0.20187650620937347,1.9527606964111328,1.0079532861709595,N/A,N/A
ACM,hard,45,Reliability-Selected Gated Fusion,0,128,0.10375039279460907,0.08108624070882797,1.0506172180175781,0.07685776054859161,0.845016360282898,0.04410098120570183
ACM,hard,45,Reliability-Selected Gated Fusion,2,128,0.12356575578451157,0.2409266233444214,2.13478422164917,0.36715269088745117,1.3474267721176147,0.20030821859836578
ACM,hard,45,Reliability-Selected Gated Fusion,1,128,0.06223031133413315,0.06447958946228027,0.7156017422676086,0.04299687594175339,0.8994947671890259,0.03559548407793045
ACM,hard,45,Reliability-Selected Gated Fusion,3,128,0.20416495203971863,0.21727123856544495,2.0825440883636475,1.1627458333969116,1.2233670949935913,0.5966923236846924
ACM,hard,45,Reliability-Selected Gated Fusion,12,128,0.18628692626953125,0.20187650620937347,1.9527606964111328,1.0079532861709595,1.4899678230285645,0.6279355883598328
ACM,hard,45,raw_hidden,0,N/A,0.10375039279460907,0.08108624070882797,1.0506172180175781,0.07685776054859161,N/A,N/A
ACM,hard,45,raw_hidden,1,N/A,0.06223031133413315,0.06447958946228027,0.7156017422676086,0.04299687594175339,N/A,N/A
ACM,hard,45,raw_hidden,2,N/A,0.12356575578451157,0.2409266233444214,2.13478422164917,0.36715269088745117,N/A,N/A
ACM,hard,45,Project-and-Mean,0,64,0.10375039279460907,0.08108624070882797,1.0506172180175781,0.07685776054859161,0.2519146203994751,0.12194576859474182
ACM,hard,45,Project-and-Mean,1,64,0.06223031133413315,0.06447958946228027,0.7156017422676086,0.04299687594175339,0.25454968214035034,0.05174584314227104
ACM,hard,45,Project-and-Mean,2,64,0.12356575578451157,0.2409266233444214,2.13478422164917,0.36715269088745117,0.3392603099346161,0.14605721831321716
ACM,hard,46,raw_hidden,0,N/A,0.10639572888612747,0.07250770181417465,1.0260765552520752,0.0901191383600235,N/A,N/A
ACM,hard,46,raw_hidden,1,N/A,0.04866855591535568,0.05646546557545662,0.5952325463294983,0.036670997738838196,N/A,N/A
ACM,hard,46,raw_hidden,2,N/A,0.1302175223827362,0.12824958562850952,1.454175353050232,0.1525336056947708,N/A,N/A
ACM,hard,46,raw_hidden,3,N/A,0.1782611906528473,0.21016471087932587,1.9239932298660278,1.0764809846878052,N/A,N/A
ACM,hard,46,raw_hidden,4,N/A,0.19436980783939362,0.21250183880329132,2.037454843521118,1.0755109786987305,N/A,N/A
ACM,hard,46,raw_hidden,5,N/A,0.19564823806285858,0.21946334838867188,2.0611789226531982,1.1330732107162476,N/A,N/A
ACM,hard,46,raw_hidden,6,N/A,0.18401625752449036,0.20442646741867065,1.96946382522583,0.9813007712364197,N/A,N/A
ACM,hard,46,raw_hidden,7,N/A,0.19368265569210052,0.21358096599578857,2.031899929046631,1.09164559841156,N/A,N/A
ACM,hard,46,raw_hidden,8,N/A,0.1944015473127365,0.21980662643909454,2.081209897994995,1.0860058069229126,N/A,N/A
ACM,hard,46,raw_hidden,9,N/A,0.18356665968894958,0.22166477143764496,1.956713318824768,1.2134746313095093,N/A,N/A
ACM,hard,46,raw_hidden,10,N/A,0.18688109517097473,0.2190224975347519,2.0051064491271973,1.1335135698318481,N/A,N/A
ACM,hard,46,raw_hidden,11,N/A,0.18764688074588776,0.19418425858020782,1.964739203453064,0.8981139659881592,N/A,N/A
ACM,hard,46,raw_hidden,12,N/A,0.18003934621810913,0.19570520520210266,1.9328596591949463,0.8887042999267578,N/A,N/A
ACM,hard,46,raw_hidden,13,N/A,0.17391695082187653,0.20189891755580902,1.9066234827041626,0.9536479711532593,N/A,N/A
ACM,hard,46,raw_hidden,14,N/A,0.1872093379497528,0.23278874158859253,2.013979911804199,1.2865114212036133,N/A,N/A
ACM,hard,46,Project-and-Mean,0,32,0.10639572888612747,0.07250770181417465,1.0260765552520752,0.0901191383600235,0.10603834688663483,0.05243481695652008
ACM,hard,46,Project-and-Mean,1,32,0.04866855591535568,0.05646546557545662,0.5952325463294983,0.036670997738838196,0.16356921195983887,0.028249448165297508
ACM,hard,46,Project-and-Mean,2,32,0.1302175223827362,0.12824958562850952,1.454175353050232,0.1525336056947708,0.186907559633255,0.08398638665676117
ACM,hard,46,Project-and-Mean,3,32,0.1782611906528473,0.21016471087932587,1.9239932298660278,1.0764809846878052,0.5927066802978516,0.42637431621551514
ACM,hard,46,Project-and-Mean,4,32,0.19436980783939362,0.21250183880329132,2.037454843521118,1.0755109786987305,0.6022786498069763,0.39752429723739624
ACM,hard,46,Project-and-Mean,5,32,0.19564823806285858,0.21946334838867188,2.0611789226531982,1.1330732107162476,0.4933532476425171,0.3590886890888214
ACM,hard,46,Project-and-Mean,6,32,0.18401625752449036,0.20442646741867065,1.96946382522583,0.9813007712364197,0.5166732668876648,0.2849448621273041
ACM,hard,46,Project-and-Mean,7,32,0.19368265569210052,0.21358096599578857,2.031899929046631,1.09164559841156,0.5112125277519226,0.3434653580188751
ACM,hard,46,Project-and-Mean,8,32,0.1944015473127365,0.21980662643909454,2.081209897994995,1.0860058069229126,0.6621802449226379,0.3993666172027588
ACM,hard,46,Project-and-Mean,9,32,0.18356665968894958,0.22166477143764496,1.956713318824768,1.2134746313095093,0.5527795553207397,0.35644590854644775
ACM,hard,46,Project-and-Mean,10,32,0.18688109517097473,0.2190224975347519,2.0051064491271973,1.1335135698318481,0.5528960227966309,0.3331069350242615
ACM,hard,46,Project-and-Mean,11,32,0.18764688074588776,0.19418425858020782,1.964739203453064,0.8981139659881592,0.516437828540802,0.29207107424736023
ACM,hard,46,Project-and-Mean,12,32,0.18003934621810913,0.19570520520210266,1.9328596591949463,0.8887042999267578,0.5663727521896362,0.37282899022102356
ACM,hard,46,Project-and-Mean,13,32,0.17391695082187653,0.20189891755580902,1.9066234827041626,0.9536479711532593,0.5215144157409668,0.28940120339393616
ACM,hard,46,Project-and-Mean,14,32,0.1872093379497528,0.23278874158859253,2.013979911804199,1.2865114212036133,0.6600837707519531,0.530501127243042
ACM,hard,46,raw_hidden,0,N/A,0.10639572888612747,0.07250770181417465,1.0260765552520752,0.0901191383600235,N/A,N/A
ACM,hard,46,raw_hidden,1,N/A,0.04866855591535568,0.05646546557545662,0.5952325463294983,0.036670997738838196,N/A,N/A
ACM,hard,46,raw_hidden,2,N/A,0.1302175223827362,0.12824958562850952,1.454175353050232,0.1525336056947708,N/A,N/A
ACM,hard,46,raw_hidden,3,N/A,0.1782611906528473,0.21016471087932587,1.9239932298660278,1.0764809846878052,N/A,N/A
ACM,hard,46,raw_hidden,4,N/A,0.19436980783939362,0.21250183880329132,2.037454843521118,1.0755109786987305,N/A,N/A
ACM,hard,46,raw_hidden,5,N/A,0.19564823806285858,0.21946334838867188,2.0611789226531982,1.1330732107162476,N/A,N/A
ACM,hard,46,raw_hidden,6,N/A,0.18401625752449036,0.20442646741867065,1.96946382522583,0.9813007712364197,N/A,N/A
ACM,hard,46,raw_hidden,7,N/A,0.19368265569210052,0.21358096599578857,2.031899929046631,1.09164559841156,N/A,N/A
ACM,hard,46,raw_hidden,8,N/A,0.1944015473127365,0.21980662643909454,2.081209897994995,1.0860058069229126,N/A,N/A
ACM,hard,46,raw_hidden,9,N/A,0.18356665968894958,0.22166477143764496,1.956713318824768,1.2134746313095093,N/A,N/A
ACM,hard,46,raw_hidden,10,N/A,0.18688109517097473,0.2190224975347519,2.0051064491271973,1.1335135698318481,N/A,N/A
ACM,hard,46,raw_hidden,11,N/A,0.18764688074588776,0.19418425858020782,1.964739203453064,0.8981139659881592,N/A,N/A
ACM,hard,46,raw_hidden,12,N/A,0.18003934621810913,0.19570520520210266,1.9328596591949463,0.8887042999267578,N/A,N/A
ACM,hard,46,raw_hidden,13,N/A,0.17391695082187653,0.20189891755580902,1.9066234827041626,0.9536479711532593,N/A,N/A
ACM,hard,46,raw_hidden,14,N/A,0.1872093379497528,0.23278874158859253,2.013979911804199,1.2865114212036133,N/A,N/A
ACM,hard,46,Project-and-Concat,0,32,0.10639572888612747,0.07250770181417465,1.0260765552520752,0.0901191383600235,0.6377853155136108,0.09690554440021515
ACM,hard,46,Project-and-Concat,1,32,0.04866855591535568,0.05646546557545662,0.5952325463294983,0.036670997738838196,0.2845706045627594,0.07359328120946884
ACM,hard,46,Project-and-Concat,2,32,0.1302175223827362,0.12824958562850952,1.454175353050232,0.1525336056947708,0.7137438654899597,0.056777264922857285
ACM,hard,46,Project-and-Concat,3,32,0.1782611906528473,0.21016471087932587,1.9239932298660278,1.0764809846878052,0.895671010017395,0.4329291582107544
ACM,hard,46,Project-and-Concat,4,32,0.19436980783939362,0.21250183880329132,2.037454843521118,1.0755109786987305,0.9940603971481323,0.4730139374732971
ACM,hard,46,Project-and-Concat,5,32,0.19564823806285858,0.21946334838867188,2.0611789226531982,1.1330732107162476,1.112563967704773,0.5001173615455627
ACM,hard,46,Project-and-Concat,6,32,0.18401625752449036,0.20442646741867065,1.96946382522583,0.9813007712364197,0.818671464920044,0.4911469519138336
ACM,hard,46,Project-and-Concat,7,32,0.19368265569210052,0.21358096599578857,2.031899929046631,1.09164559841156,0.9157870411872864,0.47022297978401184
ACM,hard,46,Project-and-Concat,8,32,0.1944015473127365,0.21980662643909454,2.081209897994995,1.0860058069229126,0.7821223139762878,0.40106678009033203
ACM,hard,46,Project-and-Concat,9,32,0.18356665968894958,0.22166477143764496,1.956713318824768,1.2134746313095093,0.7471922039985657,0.41767069697380066
ACM,hard,46,Project-and-Concat,10,32,0.18688109517097473,0.2190224975347519,2.0051064491271973,1.1335135698318481,0.9665242433547974,0.492868572473526
ACM,hard,46,Project-and-Concat,11,32,0.18764688074588776,0.19418425858020782,1.964739203453064,0.8981139659881592,1.132758378982544,0.4176335334777832
ACM,hard,46,Project-and-Concat,12,32,0.18003934621810913,0.19570520520210266,1.9328596591949463,0.8887042999267578,0.9144150018692017,0.3851030468940735
ACM,hard,46,Project-and-Concat,13,32,0.17391695082187653,0.20189891755580902,1.9066234827041626,0.9536479711532593,0.70319664478302,0.3620913028717041
ACM,hard,46,Project-and-Concat,14,32,0.1872093379497528,0.23278874158859253,2.013979911804199,1.2865114212036133,1.0496265888214111,0.6041122674942017
ACM,hard,46,raw_hidden,0,N/A,0.10639572888612747,0.07250770181417465,1.0260765552520752,0.0901191383600235,N/A,N/A
ACM,hard,46,raw_hidden,1,N/A,0.04866855591535568,0.05646546557545662,0.5952325463294983,0.036670997738838196,N/A,N/A
ACM,hard,46,raw_hidden,2,N/A,0.1302175223827362,0.12824958562850952,1.454175353050232,0.1525336056947708,N/A,N/A
ACM,hard,46,raw_hidden,3,N/A,0.1782611906528473,0.21016471087932587,1.9239932298660278,1.0764809846878052,N/A,N/A
ACM,hard,46,raw_hidden,4,N/A,0.19436980783939362,0.21250183880329132,2.037454843521118,1.0755109786987305,N/A,N/A
ACM,hard,46,raw_hidden,5,N/A,0.19564823806285858,0.21946334838867188,2.0611789226531982,1.1330732107162476,N/A,N/A
ACM,hard,46,raw_hidden,6,N/A,0.18401625752449036,0.20442646741867065,1.96946382522583,0.9813007712364197,N/A,N/A
ACM,hard,46,raw_hidden,7,N/A,0.19368265569210052,0.21358096599578857,2.031899929046631,1.09164559841156,N/A,N/A
ACM,hard,46,raw_hidden,8,N/A,0.1944015473127365,0.21980662643909454,2.081209897994995,1.0860058069229126,N/A,N/A
ACM,hard,46,raw_hidden,9,N/A,0.18356665968894958,0.22166477143764496,1.956713318824768,1.2134746313095093,N/A,N/A
ACM,hard,46,raw_hidden,10,N/A,0.18688109517097473,0.2190224975347519,2.0051064491271973,1.1335135698318481,N/A,N/A
ACM,hard,46,raw_hidden,11,N/A,0.18764688074588776,0.19418425858020782,1.964739203453064,0.8981139659881592,N/A,N/A
ACM,hard,46,raw_hidden,12,N/A,0.18003934621810913,0.19570520520210266,1.9328596591949463,0.8887042999267578,N/A,N/A
ACM,hard,46,raw_hidden,13,N/A,0.17391695082187653,0.20189891755580902,1.9066234827041626,0.9536479711532593,N/A,N/A
ACM,hard,46,raw_hidden,14,N/A,0.1872093379497528,0.23278874158859253,2.013979911804199,1.2865114212036133,N/A,N/A
ACM,hard,46,Gated Fusion,0,64,0.10639572888612747,0.07250770181417465,1.0260765552520752,0.0901191383600235,0.5258409976959229,0.033302657306194305
ACM,hard,46,Gated Fusion,1,64,0.04866855591535568,0.05646546557545662,0.5952325463294983,0.036670997738838196,0.45621970295906067,0.015478097833693027
ACM,hard,46,Gated Fusion,2,64,0.1302175223827362,0.12824958562850952,1.454175353050232,0.1525336056947708,0.8589519262313843,0.08364903181791306
ACM,hard,46,Gated Fusion,3,64,0.1782611906528473,0.21016471087932587,1.9239932298660278,1.0764809846878052,0.9935436248779297,0.5319711565971375
ACM,hard,46,Gated Fusion,4,64,0.19436980783939362,0.21250183880329132,2.037454843521118,1.0755109786987305,1.1495623588562012,0.5619688034057617
ACM,hard,46,Gated Fusion,5,64,0.19564823806285858,0.21946334838867188,2.0611789226531982,1.1330732107162476,1.2357168197631836,0.6859449744224548
ACM,hard,46,Gated Fusion,6,64,0.18401625752449036,0.20442646741867065,1.96946382522583,0.9813007712364197,1.0527998208999634,0.465180367231369
ACM,hard,46,Gated Fusion,7,64,0.19368265569210052,0.21358096599578857,2.031899929046631,1.09164559841156,0.9338054656982422,0.459919273853302
ACM,hard,46,Gated Fusion,8,64,0.1944015473127365,0.21980662643909454,2.081209897994995,1.0860058069229126,1.1193301677703857,0.5494356751441956
ACM,hard,46,Gated Fusion,9,64,0.18356665968894958,0.22166477143764496,1.956713318824768,1.2134746313095093,1.2014670372009277,0.6989039778709412
ACM,hard,46,Gated Fusion,10,64,0.18688109517097473,0.2190224975347519,2.0051064491271973,1.1335135698318481,1.3607327938079834,0.6411994695663452
ACM,hard,46,Gated Fusion,11,64,0.18764688074588776,0.19418425858020782,1.964739203453064,0.8981139659881592,1.060642123222351,0.4922124147415161
ACM,hard,46,Gated Fusion,12,64,0.18003934621810913,0.19570520520210266,1.9328596591949463,0.8887042999267578,1.0380206108093262,0.44729653000831604
ACM,hard,46,Gated Fusion,13,64,0.17391695082187653,0.20189891755580902,1.9066234827041626,0.9536479711532593,0.9984068274497986,0.47730618715286255
ACM,hard,46,Gated Fusion,14,64,0.1872093379497528,0.23278874158859253,2.013979911804199,1.2865114212036133,1.2833924293518066,0.7162563800811768
ACM,hard,46,raw_hidden,0,N/A,0.10639572888612747,0.07250770181417465,1.0260765552520752,0.0901191383600235,N/A,N/A
ACM,hard,46,raw_hidden,2,N/A,0.1302175223827362,0.12824958562850952,1.454175353050232,0.1525336056947708,N/A,N/A
ACM,hard,46,raw_hidden,1,N/A,0.04866855591535568,0.05646546557545662,0.5952325463294983,0.036670997738838196,N/A,N/A
ACM,hard,46,raw_hidden,9,N/A,0.18356665968894958,0.22166477143764496,1.956713318824768,1.2134746313095093,N/A,N/A
ACM,hard,46,raw_hidden,5,N/A,0.19564823806285858,0.21946334838867188,2.0611789226531982,1.1330732107162476,N/A,N/A
ACM,hard,46,Reliability-Selected Project-and-Mean,0,64,0.10639572888612747,0.07250770181417465,1.0260765552520752,0.0901191383600235,0.25189006328582764,0.09961536526679993
ACM,hard,46,Reliability-Selected Project-and-Mean,2,64,0.1302175223827362,0.12824958562850952,1.454175353050232,0.1525336056947708,0.24033010005950928,0.0918259471654892
ACM,hard,46,Reliability-Selected Project-and-Mean,1,64,0.04866855591535568,0.05646546557545662,0.5952325463294983,0.036670997738838196,0.3010441064834595,0.03930647298693657
ACM,hard,46,Reliability-Selected Project-and-Mean,9,64,0.18356665968894958,0.22166477143764496,1.956713318824768,1.2134746313095093,1.0116486549377441,0.6723216772079468
ACM,hard,46,Reliability-Selected Project-and-Mean,5,64,0.19564823806285858,0.21946334838867188,2.0611789226531982,1.1330732107162476,0.7525742650032043,0.5418301820755005
ACM,hard,46,raw_hidden,0,N/A,0.10639572888612747,0.07250770181417465,1.0260765552520752,0.0901191383600235,N/A,N/A
ACM,hard,46,raw_hidden,2,N/A,0.1302175223827362,0.12824958562850952,1.454175353050232,0.1525336056947708,N/A,N/A
ACM,hard,46,raw_hidden,1,N/A,0.04866855591535568,0.05646546557545662,0.5952325463294983,0.036670997738838196,N/A,N/A
ACM,hard,46,raw_hidden,9,N/A,0.18356665968894958,0.22166477143764496,1.956713318824768,1.2134746313095093,N/A,N/A
ACM,hard,46,raw_hidden,5,N/A,0.19564823806285858,0.21946334838867188,2.0611789226531982,1.1330732107162476,N/A,N/A
ACM,hard,46,Reliability-Selected Gated Fusion,0,32,0.10639572888612747,0.07250770181417465,1.0260765552520752,0.0901191383600235,0.5587310194969177,0.13132810592651367
ACM,hard,46,Reliability-Selected Gated Fusion,2,32,0.1302175223827362,0.12824958562850952,1.454175353050232,0.1525336056947708,0.7240262031555176,0.07946309447288513
ACM,hard,46,Reliability-Selected Gated Fusion,1,32,0.04866855591535568,0.05646546557545662,0.5952325463294983,0.036670997738838196,0.4387773871421814,0.02552082948386669
ACM,hard,46,Reliability-Selected Gated Fusion,9,32,0.18356665968894958,0.22166477143764496,1.956713318824768,1.2134746313095093,0.9223928451538086,0.5474724769592285
ACM,hard,46,Reliability-Selected Gated Fusion,5,32,0.19564823806285858,0.21946334838867188,2.0611789226531982,1.1330732107162476,1.0551459789276123,0.6015443801879883
ACM,hard,46,raw_hidden,0,N/A,0.10639572888612747,0.07250770181417465,1.0260765552520752,0.0901191383600235,N/A,N/A
ACM,hard,46,raw_hidden,1,N/A,0.04866855591535568,0.05646546557545662,0.5952325463294983,0.036670997738838196,N/A,N/A
ACM,hard,46,raw_hidden,2,N/A,0.1302175223827362,0.12824958562850952,1.454175353050232,0.1525336056947708,N/A,N/A
ACM,hard,46,Project-and-Mean,0,32,0.10639572888612747,0.07250770181417465,1.0260765552520752,0.0901191383600235,0.12677092850208282,0.0887352004647255
ACM,hard,46,Project-and-Mean,1,32,0.04866855591535568,0.05646546557545662,0.5952325463294983,0.036670997738838196,0.17322003841400146,0.03908085450530052
ACM,hard,46,Project-and-Mean,2,32,0.1302175223827362,0.12824958562850952,1.454175353050232,0.1525336056947708,0.17526710033416748,0.07891065627336502
